/hepstore/nfost94/miniconda/envs/pt210/lib/python3.12/site-packages/hydra/_internal/hydra.py:119: UserWarning: Future Hydra versions will no longer change working directory at job runtime by default.
See https://hydra.cc/docs/1.2/upgrades/1.1_to_1.2/changes_to_job_working_dir/ for more information.
  ret = run_job(
[2026-08-28 02:49:42,437][__main__][INFO] - Using the following git version of WatChMaL repository: workshop_2025-171-gf36242a
[2026-08-28 02:49:42,443][__main__][INFO] - Running with the following config:
wandb:
  entity: mathieu-ferey-laboratoire-leprince-ringuet
  project: HK_dirReg_Naomi
  dir: /scratch/nfost94/wandb/
  tags:
  - cherp
  - post-merger
  - multitask
  job_type: train_val
  notes: post merger software
model:
  _target_: watchmal.model.CheRP.CheRP
  hidden_channels: 72
  num_heads: 8
  num_layers: 4
  in_channels: 5
  num_tokens: 6
  token_layers_per_step: 1
  num_end_layers: 2
  use_nhits: false
  use_event_total_charge: false
  normalize_heads:
  - false
  dropout: 0
  node_dropout: 0.0
  reg_dims:
  - 4
  pre_norm: false
  shared_token_transformer: true
engine:
  _target_: watchmal.engine.graph.classification.ClassifierEngine
  target_key: target
  flatten_model_output: false
  prediction_threshold: null
data:
  dataset:
    split_path: /user/nfost94/HKSim/Current_Analysis/Watchmal/5mil_indices_class.npz
    fully_processed: false
    compute_edges_parameters: null
    target_names:
    - e-
    - mu-
    - gamma
    - pi0
    signal_key: e-
    dataset_parameters:
      _target_: watchmal.dataset.graph.h5_graph.H5GraphDataset
      time_order: false
      graph_folder_path: /data/nfost94/hdf5/
      graph_file_names:
      - 5mil_classification.h5
      verbose: 1
  transforms:
    transforms:
      SliceY:
        _target_: watchmal.dataset.graph.pyg_transformations.SliceY
        slice_indices:
        - 0
      AddPMTPositions:
        _target_: watchmal.dataset.graph.pyg_transformations.AddPMTPositions
        geometry_npz_path: /user/nfost94/HKSim/Current_Analysis/Watchmal/hk_geometry/geometry.npz
      DarkNoiseAugmentation:
        _target_: watchmal.dataset.graph.pyg_transformations.DarkNoiseAugmentation
        geometry_npz_path: /user/nfost94/HKSim/Current_Analysis/Watchmal/hk_geometry/geometry.npz
        dark_rate_range_khz:
        - 0
        - 10.0
        t_low: 550.0
        t_high: 1900.0
        deadtime_ns: 560.0
        timing_precision_ns: 0.1
        pe_precision_pe: 0.3
        charge_col: 1
        time_col: 0
        conv_rate: 1.1125
      RandomCylindricalTransform:
        _target_: watchmal.dataset.graph.pyg_transformations.RandomCylindricalTransform
      Normalize:
        _target_: watchmal.dataset.graph.pyg_transformations.Normalize
        apply_log:
        - false
        - true
        - false
        - false
        - false
        eps: 1.0e-12
        feat_norm:
        - - 1900
          - 1000
          - 3300
          - 3300
          - 3300
        - - 550
          - 0.0
          - -3300
          - -3300
          - -3300
      CenterTimeByEvent:
        _target_: watchmal.dataset.graph.pyg_transformations.CenterTimeByEvent
        time_col: 0
      MapLabels:
        _target_: watchmal.dataset.graph.pyg_transformations.MapLabels
        label_set:
        - 11
        - 13
        - 22
        - 111
      ConvertAndToDict:
        _target_: watchmal.dataset.graph.pyg_transformations.ConvertAndToDict
        feature_to_type: float32
        target_to_type: int64
tasks:
  train:
    epochs: 44
    val_interval: 20
    checkpointing: false
    data_loaders:
      train:
        split_key: train_idxs
        is_graph: true
        drop_last: true
        persistent_workers: false
        pin_memory: false
        seed: 4
        num_workers: 8
        batch_size: 1000
        sampler_config:
          _target_: watchmal.dataset.samplers.samplers.SubsetRandomSampler
      validation:
        split_key: val_idxs
        is_graph: true
        drop_last: true
        persistent_workers: false
        pin_memory: false
        num_workers: 8
        batch_size: 1000
        sampler_config:
          _target_: watchmal.dataset.samplers.samplers.SubsetRandomSampler
    loss:
      _target_: torch.nn.CrossEntropyLoss
      weight: null
    optimizers:
      _target_: torch.optim.AdamW
      lr: 0.002
      weight_decay: 0.001
    scheduler:
      _target_: torch.optim.lr_scheduler.OneCycleLR
      max_lr: 0.0005
      total_steps: 310000
      pct_start: 0.01
      anneal_strategy: cos
      div_factor: 50
      final_div_factor: 500
  restore_best_state:
    name: null
  evaluate:
    prefix_for_plot_names: debug_trained_
    report_interval: 30
    batch_log: true
    data_loaders:
      test:
        split_key: test_idxs
        is_graph: true
        drop_last: true
        pin_memory: false
        seed: null
        num_workers: 5
        batch_size: 1000
        sampler_config:
          _target_: watchmal.dataset.samplers.samplers.SubsetSequentialSampler
MASTER_PORT: 12357
find_unused_parameters: true
seed: 1234
deterministic: false
gpu_list:
- 4
- 5
launch_wandb: true

wandb: [wandb.login()] Loaded credentials for https://api.wandb.ai from /user/nfost94/.netrc.
wandb: Currently logged in as: naysoup94 (mathieu-ferey-laboratoire-leprince-ringuet) to https://api.wandb.ai. Use `wandb login --relogin` to force relogin
wandb: setting up run pny7zgqw
wandb: Tracking run with wandb version 0.24.2
wandb: Run data is saved locally in /scratch/nfost94/wandb/wandb/run-20260828_024948-pny7zgqw
wandb: Run `wandb offline` to turn off syncing.
wandb: Syncing run splendid-sponge-2726
wandb: ⭐️ View project at https://wandb.ai/mathieu-ferey-laboratoire-leprince-ringuet/HK_dirReg_Naomi
wandb: 🚀 View run at https://wandb.ai/mathieu-ferey-laboratoire-leprince-ringuet/HK_dirReg_Naomi/runs/pny7zgqw
[2026-08-28 02:49:56,586][watchmal.utils.build_utils][INFO] - Modified keys: []
[2026-08-28 02:49:56,587][watchmal.utils.build_utils][INFO] - Keys not found: []
[2026-08-28 02:49:56,589][__main__][INFO] - Using DistributedDataParallel on devices: ['cuda:4', 'cuda:5']
[2026-08-28 02:50:00,260][watchmal.entrypoints.run][INFO] - Running worker 1 on device : cuda:5 with wandb_run : None
[2026-08-28 02:50:00,266][watchmal.entrypoints.run][INFO] - Running worker 0 on device : cuda:4 with wandb_run : <wandb.sdk.wandb_run.Run object at 0x7f02710efa10>
[rank0]:[E828 03:00:25.179550555 ProcessGroupNCCL.cpp:685] [Rank 0] Watchdog caught collective operation timeout: WorkNCCL(SeqNum=1, OpType=ALLGATHER, NumelIn=1, NumelOut=2, Timeout(ms)=600000) ran for 600076 milliseconds before timing out.
[rank0]:[E828 03:00:25.180497259 ProcessGroupNCCL.cpp:2252] [PG ID 0 PG GUID 0(default_pg) Rank 0]  failure detected by watchdog at work sequence id: 1 PG status: last enqueued work: 1, last completed work: -1
[rank0]:[E828 03:00:25.180515828 ProcessGroupNCCL.cpp:732] Stack trace of the failed collective not found, potentially because FlightRecorder is disabled. You can enable it by setting TORCH_NCCL_TRACE_BUFFER_SIZE to a non-zero value.
[rank0]:[E828 03:00:25.180572028 ProcessGroupNCCL.cpp:2584] [PG ID 0 PG GUID 0(default_pg) Rank 0] First PG on this rank to signal dumping.
[rank1]:[E828 03:00:25.193890616 ProcessGroupNCCL.cpp:685] [Rank 1] Watchdog caught collective operation timeout: WorkNCCL(SeqNum=1, OpType=ALLGATHER, NumelIn=1, NumelOut=2, Timeout(ms)=600000) ran for 600090 milliseconds before timing out.
[rank1]:[E828 03:00:25.194520802 ProcessGroupNCCL.cpp:2252] [PG ID 0 PG GUID 0(default_pg) Rank 1]  failure detected by watchdog at work sequence id: 1 PG status: last enqueued work: 1, last completed work: -1
[rank1]:[E828 03:00:25.194539452 ProcessGroupNCCL.cpp:732] Stack trace of the failed collective not found, potentially because FlightRecorder is disabled. You can enable it by setting TORCH_NCCL_TRACE_BUFFER_SIZE to a non-zero value.
[rank1]:[E828 03:00:25.194605111 ProcessGroupNCCL.cpp:2584] [PG ID 0 PG GUID 0(default_pg) Rank 1] First PG on this rank to signal dumping.
[rank1]:[E828 03:00:25.288400945 ProcessGroupNCCL.cpp:1870] [PG ID 0 PG GUID 0(default_pg) Rank 1] Received a dump signal due to a collective timeout from this local rank and we will try our best to dump the debug info. Last enqueued NCCL work: 1, last completed NCCL work: -1.This is most likely caused by incorrect usages of collectives, e.g., wrong sizes used across ranks, the order of collectives is not same for all ranks or the scheduled collective, for some reason, didn't run. Additionally, this can be caused by GIL deadlock or other reasons such as network errors or bugs in the communications library (e.g. NCCL), etc. 
[rank0]:[E828 03:00:25.288426135 ProcessGroupNCCL.cpp:1870] [PG ID 0 PG GUID 0(default_pg) Rank 0] Received a dump signal due to a collective timeout from this local rank and we will try our best to dump the debug info. Last enqueued NCCL work: 1, last completed NCCL work: -1.This is most likely caused by incorrect usages of collectives, e.g., wrong sizes used across ranks, the order of collectives is not same for all ranks or the scheduled collective, for some reason, didn't run. Additionally, this can be caused by GIL deadlock or other reasons such as network errors or bugs in the communications library (e.g. NCCL), etc. 
[rank1]:[E828 03:00:25.306654679 ProcessGroupNCCL.cpp:1589] [PG ID 0 PG GUID 0(default_pg) Rank 1] ProcessGroupNCCL preparing to dump debug info. Include stack trace: 1
[rank0]:[E828 03:00:25.306717899 ProcessGroupNCCL.cpp:1589] [PG ID 0 PG GUID 0(default_pg) Rank 0] ProcessGroupNCCL preparing to dump debug info. Include stack trace: 1
[rank0]:[E828 03:01:25.180894462 ProcessGroupNCCL.cpp:746] [Rank 0] Some NCCL operations have failed or timed out. Due to the asynchronous nature of CUDA kernels, subsequent GPU operations might run on corrupted/incomplete data.
[rank0]:[E828 03:01:25.180956752 ProcessGroupNCCL.cpp:760] [Rank 0] To avoid data inconsistency, we are taking the entire process down.
[rank0]:[E828 03:01:25.181797886 ProcessGroupNCCL.cpp:2068] [PG ID 0 PG GUID 0(default_pg) Rank 0] Process group watchdog thread terminated with exception: [Rank 0] Watchdog caught collective operation timeout: WorkNCCL(SeqNum=1, OpType=ALLGATHER, NumelIn=1, NumelOut=2, Timeout(ms)=600000) ran for 600076 milliseconds before timing out.
Exception raised from checkTimeout at /pytorch/torch/csrc/distributed/c10d/ProcessGroupNCCL.cpp:688 (most recent call first):
frame #0: c10::Error::Error(c10::SourceLocation, std::__cxx11::basic_string<char, std::char_traits<char>, std::allocator<char> >) + 0x80 (0x7f03bd1c5eb0 in /hepstore/nfost94/miniconda/envs/pt210/lib/python3.12/site-packages/torch/lib/libc10.so)
frame #1: c10d::ProcessGroupNCCL::WorkNCCL::checkTimeout(std::optional<std::chrono::duration<long, std::ratio<1l, 1000l> > >) + 0x247 (0x7f03be12c147 in /hepstore/nfost94/miniconda/envs/pt210/lib/python3.12/site-packages/torch/lib/libtorch_cuda.so)
frame #2: c10d::ProcessGroupNCCL::Watchdog::runLoop() + 0x1591 (0x7f03be12fb61 in /hepstore/nfost94/miniconda/envs/pt210/lib/python3.12/site-packages/torch/lib/libtorch_cuda.so)
frame #3: c10d::ProcessGroupNCCL::Watchdog::run() + 0xd2 (0x7f03be130ec2 in /hepstore/nfost94/miniconda/envs/pt210/lib/python3.12/site-packages/torch/lib/libtorch_cuda.so)
frame #4: <unknown function> + 0xdbae4 (0x7f03a16dbae4 in /lib64/libstdc++.so.6)
frame #5: <unknown function> + 0x8b2ea (0x7f041bc8b2ea in /lib64/libc.so.6)
frame #6: <unknown function> + 0x1103c0 (0x7f041bd103c0 in /lib64/libc.so.6)

terminate called after throwing an instance of 'c10::DistBackendError'
  what():  [PG ID 0 PG GUID 0(default_pg) Rank 0] Process group watchdog thread terminated with exception: [Rank 0] Watchdog caught collective operation timeout: WorkNCCL(SeqNum=1, OpType=ALLGATHER, NumelIn=1, NumelOut=2, Timeout(ms)=600000) ran for 600076 milliseconds before timing out.
Exception raised from checkTimeout at /pytorch/torch/csrc/distributed/c10d/ProcessGroupNCCL.cpp:688 (most recent call first):
frame #0: c10::Error::Error(c10::SourceLocation, std::__cxx11::basic_string<char, std::char_traits<char>, std::allocator<char> >) + 0x80 (0x7f03bd1c5eb0 in /hepstore/nfost94/miniconda/envs/pt210/lib/python3.12/site-packages/torch/lib/libc10.so)
frame #1: c10d::ProcessGroupNCCL::WorkNCCL::checkTimeout(std::optional<std::chrono::duration<long, std::ratio<1l, 1000l> > >) + 0x247 (0x7f03be12c147 in /hepstore/nfost94/miniconda/envs/pt210/lib/python3.12/site-packages/torch/lib/libtorch_cuda.so)
frame #2: c10d::ProcessGroupNCCL::Watchdog::runLoop() + 0x1591 (0x7f03be12fb61 in /hepstore/nfost94/miniconda/envs/pt210/lib/python3.12/site-packages/torch/lib/libtorch_cuda.so)
frame #3: c10d::ProcessGroupNCCL::Watchdog::run() + 0xd2 (0x7f03be130ec2 in /hepstore/nfost94/miniconda/envs/pt210/lib/python3.12/site-packages/torch/lib/libtorch_cuda.so)
frame #4: <unknown function> + 0xdbae4 (0x7f03a16dbae4 in /lib64/libstdc++.so.6)
frame #5: <unknown function> + 0x8b2ea (0x7f041bc8b2ea in /lib64/libc.so.6)
frame #6: <unknown function> + 0x1103c0 (0x7f041bd103c0 in /lib64/libc.so.6)

Exception raised from run at /pytorch/torch/csrc/distributed/c10d/ProcessGroupNCCL.cpp:2074 (most recent call first):
frame #0: c10::Error::Error(c10::SourceLocation, std::__cxx11::basic_string<char, std::char_traits<char>, std::allocator<char> >) + 0x80 (0x7f03bd1c5eb0 in /hepstore/nfost94/miniconda/envs/pt210/lib/python3.12/site-packages/torch/lib/libc10.so)
frame #1: <unknown function> + 0xe1c1a1 (0x7f03be1081a1 in /hepstore/nfost94/miniconda/envs/pt210/lib/python3.12/site-packages/torch/lib/libtorch_cuda.so)
frame #2: <unknown function> + 0x9468e6 (0x7f03bdc328e6 in /hepstore/nfost94/miniconda/envs/pt210/lib/python3.12/site-packages/torch/lib/libtorch_cuda.so)
frame #3: <unknown function> + 0xdbae4 (0x7f03a16dbae4 in /lib64/libstdc++.so.6)
frame #4: <unknown function> + 0x8b2ea (0x7f041bc8b2ea in /lib64/libc.so.6)
frame #5: <unknown function> + 0x1103c0 (0x7f041bd103c0 in /lib64/libc.so.6)

[rank1]:[E828 03:01:25.194764537 ProcessGroupNCCL.cpp:746] [Rank 1] Some NCCL operations have failed or timed out. Due to the asynchronous nature of CUDA kernels, subsequent GPU operations might run on corrupted/incomplete data.
[rank1]:[E828 03:01:25.194810386 ProcessGroupNCCL.cpp:760] [Rank 1] To avoid data inconsistency, we are taking the entire process down.
[rank1]:[E828 03:01:25.195525762 ProcessGroupNCCL.cpp:2068] [PG ID 0 PG GUID 0(default_pg) Rank 1] Process group watchdog thread terminated with exception: [Rank 1] Watchdog caught collective operation timeout: WorkNCCL(SeqNum=1, OpType=ALLGATHER, NumelIn=1, NumelOut=2, Timeout(ms)=600000) ran for 600090 milliseconds before timing out.
Exception raised from checkTimeout at /pytorch/torch/csrc/distributed/c10d/ProcessGroupNCCL.cpp:688 (most recent call first):
frame #0: c10::Error::Error(c10::SourceLocation, std::__cxx11::basic_string<char, std::char_traits<char>, std::allocator<char> >) + 0x80 (0x7f8bbe7daeb0 in /hepstore/nfost94/miniconda/envs/pt210/lib/python3.12/site-packages/torch/lib/libc10.so)
frame #1: c10d::ProcessGroupNCCL::WorkNCCL::checkTimeout(std::optional<std::chrono::duration<long, std::ratio<1l, 1000l> > >) + 0x247 (0x7f8bbf741147 in /hepstore/nfost94/miniconda/envs/pt210/lib/python3.12/site-packages/torch/lib/libtorch_cuda.so)
frame #2: c10d::ProcessGroupNCCL::Watchdog::runLoop() + 0x1591 (0x7f8bbf744b61 in /hepstore/nfost94/miniconda/envs/pt210/lib/python3.12/site-packages/torch/lib/libtorch_cuda.so)
frame #3: c10d::ProcessGroupNCCL::Watchdog::run() + 0xd2 (0x7f8bbf745ec2 in /hepstore/nfost94/miniconda/envs/pt210/lib/python3.12/site-packages/torch/lib/libtorch_cuda.so)
frame #4: <unknown function> + 0xdbae4 (0x7f8ba2cdbae4 in /lib64/libstdc++.so.6)
frame #5: <unknown function> + 0x8b2ea (0x7f8c1d28b2ea in /lib64/libc.so.6)
frame #6: <unknown function> + 0x1103c0 (0x7f8c1d3103c0 in /lib64/libc.so.6)

terminate called after throwing an instance of 'c10::DistBackendError'
  what():  [PG ID 0 PG GUID 0(default_pg) Rank 1] Process group watchdog thread terminated with exception: [Rank 1] Watchdog caught collective operation timeout: WorkNCCL(SeqNum=1, OpType=ALLGATHER, NumelIn=1, NumelOut=2, Timeout(ms)=600000) ran for 600090 milliseconds before timing out.
Exception raised from checkTimeout at /pytorch/torch/csrc/distributed/c10d/ProcessGroupNCCL.cpp:688 (most recent call first):
frame #0: c10::Error::Error(c10::SourceLocation, std::__cxx11::basic_string<char, std::char_traits<char>, std::allocator<char> >) + 0x80 (0x7f8bbe7daeb0 in /hepstore/nfost94/miniconda/envs/pt210/lib/python3.12/site-packages/torch/lib/libc10.so)
frame #1: c10d::ProcessGroupNCCL::WorkNCCL::checkTimeout(std::optional<std::chrono::duration<long, std::ratio<1l, 1000l> > >) + 0x247 (0x7f8bbf741147 in /hepstore/nfost94/miniconda/envs/pt210/lib/python3.12/site-packages/torch/lib/libtorch_cuda.so)
frame #2: c10d::ProcessGroupNCCL::Watchdog::runLoop() + 0x1591 (0x7f8bbf744b61 in /hepstore/nfost94/miniconda/envs/pt210/lib/python3.12/site-packages/torch/lib/libtorch_cuda.so)
frame #3: c10d::ProcessGroupNCCL::Watchdog::run() + 0xd2 (0x7f8bbf745ec2 in /hepstore/nfost94/miniconda/envs/pt210/lib/python3.12/site-packages/torch/lib/libtorch_cuda.so)
frame #4: <unknown function> + 0xdbae4 (0x7f8ba2cdbae4 in /lib64/libstdc++.so.6)
frame #5: <unknown function> + 0x8b2ea (0x7f8c1d28b2ea in /lib64/libc.so.6)
frame #6: <unknown function> + 0x1103c0 (0x7f8c1d3103c0 in /lib64/libc.so.6)

Exception raised from run at /pytorch/torch/csrc/distributed/c10d/ProcessGroupNCCL.cpp:2074 (most recent call first):
frame #0: c10::Error::Error(c10::SourceLocation, std::__cxx11::basic_string<char, std::char_traits<char>, std::allocator<char> >) + 0x80 (0x7f8bbe7daeb0 in /hepstore/nfost94/miniconda/envs/pt210/lib/python3.12/site-packages/torch/lib/libc10.so)
frame #1: <unknown function> + 0xe1c1a1 (0x7f8bbf71d1a1 in /hepstore/nfost94/miniconda/envs/pt210/lib/python3.12/site-packages/torch/lib/libtorch_cuda.so)
frame #2: <unknown function> + 0x9468e6 (0x7f8bbf2478e6 in /hepstore/nfost94/miniconda/envs/pt210/lib/python3.12/site-packages/torch/lib/libtorch_cuda.so)
frame #3: <unknown function> + 0xdbae4 (0x7f8ba2cdbae4 in /lib64/libstdc++.so.6)
frame #4: <unknown function> + 0x8b2ea (0x7f8c1d28b2ea in /lib64/libc.so.6)
frame #5: <unknown function> + 0x1103c0 (0x7f8c1d3103c0 in /lib64/libc.so.6)

W0828 03:01:30.564000 2155564 site-packages/torch/multiprocessing/spawn.py:169] Terminating process 2156097 via signal SIGTERM
Error executing job with overrides: []
Traceback (most recent call last):
  File "/user/nfost94/HKSim/CAVERNS/WatChMaL/WatChMaL/main.py", line 94, in main
    mp.spawn(run, nprocs=ngpus,
  File "/hepstore/nfost94/miniconda/envs/pt210/lib/python3.12/site-packages/torch/multiprocessing/spawn.py", line 340, in spawn
    return start_processes(fn, args, nprocs, join, daemon, start_method="spawn")
           ^^^^^^^^^^^^^^^^^^^^^^^^^^^^^^^^^^^^^^^^^^^^^^^^^^^^^^^^^^^^^^^^^^^^^
  File "/hepstore/nfost94/miniconda/envs/pt210/lib/python3.12/site-packages/torch/multiprocessing/spawn.py", line 296, in start_processes
    while not context.join():
              ^^^^^^^^^^^^^^
  File "/hepstore/nfost94/miniconda/envs/pt210/lib/python3.12/site-packages/torch/multiprocessing/spawn.py", line 196, in join
    raise ProcessExitedException(
torch.multiprocessing.spawn.ProcessExitedException: process 1 terminated with signal SIGABRT

Set the environment variable HYDRA_FULL_ERROR=1 for a complete stack trace.
[1;34mwandb[0m: 
[1;34mwandb[0m: 🚀 View run [33msplendid-sponge-2726[0m at: [34mhttps://wandb.ai/mathieu-ferey-laboratoire-leprince-ringuet/HK_dirReg_Naomi/runs/pny7zgqw[0m
[1;34mwandb[0m: Find logs at: [1;35m../../../../../../../../../scratch/nfost94/wandb/wandb/run-20260828_024948-pny7zgqw/logs[0m
/hepstore/nfost94/miniconda/envs/pt210/lib/python3.12/site-packages/hydra/_internal/hydra.py:119: UserWarning: Future Hydra versions will no longer change working directory at job runtime by default.
See https://hydra.cc/docs/1.2/upgrades/1.1_to_1.2/changes_to_job_working_dir/ for more information.
  ret = run_job(
[2026-08-28 03:05:42,757][__main__][INFO] - Using the following git version of WatChMaL repository: workshop_2025-171-gf36242a
[2026-08-28 03:05:42,764][__main__][INFO] - Running with the following config:
wandb:
  entity: mathieu-ferey-laboratoire-leprince-ringuet
  project: HK_dirReg_Naomi
  dir: /scratch/nfost94/wandb/
  tags:
  - cherp
  - post-merger
  - multitask
  job_type: train_val
  notes: post merger software
model:
  _target_: watchmal.model.CheRP.CheRP
  hidden_channels: 72
  num_heads: 8
  num_layers: 4
  in_channels: 5
  num_tokens: 6
  token_layers_per_step: 1
  num_end_layers: 2
  use_nhits: false
  use_event_total_charge: false
  normalize_heads:
  - false
  dropout: 0
  node_dropout: 0.0
  reg_dims:
  - 4
  pre_norm: false
  shared_token_transformer: true
engine:
  _target_: watchmal.engine.graph.classification.ClassifierEngine
  target_key: target
  flatten_model_output: false
  prediction_threshold: null
data:
  dataset:
    split_path: /user/nfost94/HKSim/Current_Analysis/Watchmal/5mil_indices_class.npz
    fully_processed: false
    compute_edges_parameters: null
    target_names:
    - e-
    - mu-
    - gamma
    - pi0
    signal_key: e-
    dataset_parameters:
      _target_: watchmal.dataset.graph.h5_graph.H5GraphDataset
      time_order: false
      graph_folder_path: /data/nfost94/hdf5/
      graph_file_names:
      - 5mil_classification.h5
      verbose: 1
  transforms:
    transforms:
      SliceY:
        _target_: watchmal.dataset.graph.pyg_transformations.SliceY
        slice_indices:
        - 0
      AddPMTPositions:
        _target_: watchmal.dataset.graph.pyg_transformations.AddPMTPositions
        geometry_npz_path: /user/nfost94/HKSim/Current_Analysis/Watchmal/hk_geometry/geometry.npz
      DarkNoiseAugmentation:
        _target_: watchmal.dataset.graph.pyg_transformations.DarkNoiseAugmentation
        geometry_npz_path: /user/nfost94/HKSim/Current_Analysis/Watchmal/hk_geometry/geometry.npz
        dark_rate_range_khz:
        - 0
        - 10.0
        t_low: 550.0
        t_high: 1900.0
        deadtime_ns: 560.0
        timing_precision_ns: 0.1
        pe_precision_pe: 0.3
        charge_col: 1
        time_col: 0
        conv_rate: 1.1125
      RandomCylindricalTransform:
        _target_: watchmal.dataset.graph.pyg_transformations.RandomCylindricalTransform
      Normalize:
        _target_: watchmal.dataset.graph.pyg_transformations.Normalize
        apply_log:
        - false
        - true
        - false
        - false
        - false
        eps: 1.0e-12
        feat_norm:
        - - 1900
          - 1000
          - 3300
          - 3300
          - 3300
        - - 550
          - 0.0
          - -3300
          - -3300
          - -3300
      CenterTimeByEvent:
        _target_: watchmal.dataset.graph.pyg_transformations.CenterTimeByEvent
        time_col: 0
      MapLabels:
        _target_: watchmal.dataset.graph.pyg_transformations.MapLabels
        label_set:
        - 11
        - 13
        - 22
        - 111
      ConvertAndToDict:
        _target_: watchmal.dataset.graph.pyg_transformations.ConvertAndToDict
        feature_to_type: float32
        target_to_type: int64
tasks:
  train:
    epochs: 44
    val_interval: 20
    checkpointing: false
    data_loaders:
      train:
        split_key: train_idxs
        is_graph: true
        drop_last: true
        persistent_workers: false
        pin_memory: false
        seed: 4
        num_workers: 8
        batch_size: 1000
        sampler_config:
          _target_: watchmal.dataset.samplers.samplers.SubsetRandomSampler
      validation:
        split_key: val_idxs
        is_graph: true
        drop_last: true
        persistent_workers: false
        pin_memory: false
        num_workers: 8
        batch_size: 1000
        sampler_config:
          _target_: watchmal.dataset.samplers.samplers.SubsetRandomSampler
    loss:
      _target_: torch.nn.CrossEntropyLoss
      weight: null
    optimizers:
      _target_: torch.optim.AdamW
      lr: 0.002
      weight_decay: 0.001
    scheduler:
      _target_: torch.optim.lr_scheduler.OneCycleLR
      max_lr: 0.0005
      total_steps: 310000
      pct_start: 0.01
      anneal_strategy: cos
      div_factor: 50
      final_div_factor: 500
  restore_best_state:
    name: null
  evaluate:
    prefix_for_plot_names: debug_trained_
    report_interval: 30
    batch_log: true
    data_loaders:
      test:
        split_key: test_idxs
        is_graph: true
        drop_last: true
        pin_memory: false
        seed: null
        num_workers: 5
        batch_size: 1000
        sampler_config:
          _target_: watchmal.dataset.samplers.samplers.SubsetSequentialSampler
MASTER_PORT: 12357
find_unused_parameters: true
seed: 1234
deterministic: false
gpu_list:
- 5
launch_wandb: true

wandb: [wandb.login()] Loaded credentials for https://api.wandb.ai from /user/nfost94/.netrc.
wandb: Currently logged in as: naysoup94 (mathieu-ferey-laboratoire-leprince-ringuet) to https://api.wandb.ai. Use `wandb login --relogin` to force relogin
wandb: setting up run p0vjaqel
wandb: Tracking run with wandb version 0.24.2
wandb: Run data is saved locally in /scratch/nfost94/wandb/wandb/run-20260828_030543-p0vjaqel
wandb: Run `wandb offline` to turn off syncing.
wandb: Syncing run driven-sky-2727
wandb: ⭐️ View project at https://wandb.ai/mathieu-ferey-laboratoire-leprince-ringuet/HK_dirReg_Naomi
wandb: 🚀 View run at https://wandb.ai/mathieu-ferey-laboratoire-leprince-ringuet/HK_dirReg_Naomi/runs/p0vjaqel
[2026-08-28 03:05:45,002][watchmal.utils.build_utils][INFO] - Modified keys: []
[2026-08-28 03:05:45,003][watchmal.utils.build_utils][INFO] - Keys not found: []
[2026-08-28 03:05:45,006][__main__][INFO] - Single device, not using multiprocessing
[2026-08-28 03:05:45,006][watchmal.entrypoints.run][INFO] - wandb env var WANDB_SERVICE: 3-2162819-unix-/tmp/wandb-2162819-2162937-187244419/socket
[2026-08-28 03:05:47,504][watchmal.entrypoints.run][INFO] - Running worker 0 on device : cuda:5 with wandb_run : <wandb.sdk.wandb_run.Run object at 0x7f183bd28ec0>

╔═════════════════════════════════════════════════════════════════════════════════════════════════╗
║                                         W A T C H M A L                                         ║
╚═════════════════════════════════════════════════════════════════════════════════════════════════╝
                            Hyper-Kamiokande · deep learning framework

                                                                              ╭───────────────────╮
                                                                              │ · ∙ ○ ● ● ● ○ ∙ · │
                                                                              │ ∙ ○ ◉ ● ● ● ◉ ○ ∙ │
                                                                              │ ∙ ● ● ○ ∙ ○ ● ● ∙ │
                                                                              │ ∙ ● ● ∙ ∙ ∙ ● ● ∙ │
                                                                              │ ∙ ● ● ○ ∙ ○ ● ● ∙ │
                                                                              │ ∙ ○ ◉ ● ● ● ◉ ○ ∙ │
                                                                              │ · ∙ ○ ● ● ● ○ ∙ · │
                                                                              ╰───────────────────╯

                                                 

            engine : graph/classification   ·   device : cuda:5   ·   params : 358 132
[2026-08-28 03:05:52,581][watchmal.engine.base_engine][INFO] - AMP enabled: False
[2026-08-28 03:05:52,593][watchmal.engine.graph.reconstruction][INFO] - Building PyG dataset per engine
[2026-08-28 03:05:52,739][watchmal.dataset.graph.data_utils][INFO] - One pyg folder path, not using PyGConcatDataset
[2026-08-28 03:05:54,495][watchmal.engine.base_engine][INFO] - Building data loader train..
[2026-08-28 03:05:54,496][watchmal.engine.base_engine][WARNING] - Data loader 'train' still sets a per-loader `seed`; it is ignored. Randomness now comes from the top-level `seed` (1234). Remove the key from the config.
[2026-08-28 03:05:54,710][watchmal.engine.base_engine][INFO] - Data loader train built.
[2026-08-28 03:05:54,711][watchmal.engine.base_engine][INFO] - Building data loader validation..
[2026-08-28 03:05:54,716][watchmal.engine.base_engine][INFO] - Data loader validation built.
[2026-08-28 03:05:54,718][watchmal.engine.base_engine][INFO] - Total trainable parameters: 358132
[2026-08-28 03:05:54,718][watchmal.engine.base_engine][INFO] - Parameters passed to optimizer: 358132
[2026-08-28 03:05:54,720][watchmal.engine.graph.reconstruction][INFO] - Using pre-built dataset (in_memory). Length: 5900000
[2026-08-28 03:05:54,720][watchmal.engine.base_engine][INFO] - Building data loader test..
[2026-08-28 03:05:54,721][watchmal.engine.base_engine][WARNING] - Data loader 'test' still sets a per-loader `seed`; it is ignored. Randomness now comes from the top-level `seed` (1234). Remove the key from the config.
[2026-08-28 03:05:54,732][watchmal.engine.base_engine][INFO] - Data loader test built.
wandb: logging graph, to disable use `wandb.watch(log_graph=False)`
[2026-08-28 03:05:54,735][watchmal.engine.graph.reconstruction][INFO] - 

Training epoch 1/44 starting at 2026-08-28 03:05:54.735519
[2026-08-28 03:05:54,735][watchmal.engine.graph.reconstruction][INFO] - train_loader: <torch_geometric.loader.dataloader.DataLoader object at 0x7f172463dbe0>
/hepstore/nfost94/miniconda/envs/pt210/lib/python3.12/site-packages/torch/_inductor/compile_fx.py:282: UserWarning: TensorFloat32 tensor cores for float32 matrix multiplication available but not enabled. Consider setting `torch.set_float32_matmul_precision('high')` for better performance.
  warnings.warn(
[2026-08-28 03:06:39,282][watchmal.engine.graph.reconstruction][INFO] - GPU : cuda:5 | Steps : 1/5000 | Iteration : 1 | Batch Size : 1000
[2026-08-28 03:06:39,283][watchmal.engine.graph.reconstruction][INFO] - Batch metrics loss: 1.4038, accuracy: 0.239
[2026-08-28 03:07:27,608][watchmal.engine.graph.reconstruction][INFO] - GPU : cuda:5 | Steps : 21/5000 | Iteration : 21 | Batch Size : 1000
[2026-08-28 03:07:27,609][watchmal.engine.graph.reconstruction][INFO] - Batch metrics loss: 1.3896, accuracy: 0.261
[2026-08-28 03:08:00,920][watchmal.engine.graph.reconstruction][INFO] - GPU : cuda:5 | Steps : 41/5000 | Iteration : 41 | Batch Size : 1000
[2026-08-28 03:08:00,921][watchmal.engine.graph.reconstruction][INFO] - Batch metrics loss: 1.3873, accuracy: 0.245
[2026-08-28 03:08:33,769][watchmal.engine.graph.reconstruction][INFO] - GPU : cuda:5 | Steps : 61/5000 | Iteration : 61 | Batch Size : 1000
[2026-08-28 03:08:33,770][watchmal.engine.graph.reconstruction][INFO] - Batch metrics loss: 1.3871, accuracy: 0.24
[2026-08-28 03:09:06,615][watchmal.engine.graph.reconstruction][INFO] - GPU : cuda:5 | Steps : 81/5000 | Iteration : 81 | Batch Size : 1000
[2026-08-28 03:09:06,616][watchmal.engine.graph.reconstruction][INFO] - Batch metrics loss: 1.3865, accuracy: 0.254
[2026-08-28 03:09:39,189][watchmal.engine.graph.reconstruction][INFO] - GPU : cuda:5 | Steps : 101/5000 | Iteration : 101 | Batch Size : 1000
[2026-08-28 03:09:39,190][watchmal.engine.graph.reconstruction][INFO] - Batch metrics loss: 1.3856, accuracy: 0.264
[2026-08-28 03:10:12,034][watchmal.engine.graph.reconstruction][INFO] - GPU : cuda:5 | Steps : 121/5000 | Iteration : 121 | Batch Size : 1000
[2026-08-28 03:10:12,035][watchmal.engine.graph.reconstruction][INFO] - Batch metrics loss: 1.3864, accuracy: 0.237
[2026-08-28 03:10:44,607][watchmal.engine.graph.reconstruction][INFO] - GPU : cuda:5 | Steps : 141/5000 | Iteration : 141 | Batch Size : 1000
[2026-08-28 03:10:44,607][watchmal.engine.graph.reconstruction][INFO] - Batch metrics loss: 1.3866, accuracy: 0.232
[2026-08-28 03:11:17,104][watchmal.engine.graph.reconstruction][INFO] - GPU : cuda:5 | Steps : 161/5000 | Iteration : 161 | Batch Size : 1000
[2026-08-28 03:11:17,105][watchmal.engine.graph.reconstruction][INFO] - Batch metrics loss: 1.3859, accuracy: 0.256
[2026-08-28 03:11:49,709][watchmal.engine.graph.reconstruction][INFO] - GPU : cuda:5 | Steps : 181/5000 | Iteration : 181 | Batch Size : 1000
[2026-08-28 03:11:49,710][watchmal.engine.graph.reconstruction][INFO] - Batch metrics loss: 1.387, accuracy: 0.255
[2026-08-28 03:12:22,222][watchmal.engine.graph.reconstruction][INFO] - GPU : cuda:5 | Steps : 201/5000 | Iteration : 201 | Batch Size : 1000
[2026-08-28 03:12:22,223][watchmal.engine.graph.reconstruction][INFO] - Batch metrics loss: 1.3847, accuracy: 0.276
/hepstore/nfost94/miniconda/envs/pt210/lib/python3.12/site-packages/hydra/_internal/hydra.py:119: UserWarning: Future Hydra versions will no longer change working directory at job runtime by default.
See https://hydra.cc/docs/1.2/upgrades/1.1_to_1.2/changes_to_job_working_dir/ for more information.
  ret = run_job(
[2026-08-28 03:51:25,016][__main__][INFO] - Using the following git version of WatChMaL repository: workshop_2025-171-gf36242a
[2026-08-28 03:51:25,022][__main__][INFO] - Running with the following config:
wandb:
  entity: mathieu-ferey-laboratoire-leprince-ringuet
  project: HK_dirReg_Naomi
  dir: /scratch/nfost94/wandb/
  tags:
  - cherp
  - post-merger
  - multitask
  job_type: train_val
  notes: post merger software
model:
  _target_: watchmal.model.CheRP.CheRP
  hidden_channels: 72
  num_heads: 8
  num_layers: 4
  in_channels: 5
  num_tokens: 6
  token_layers_per_step: 1
  num_end_layers: 2
  use_nhits: false
  use_event_total_charge: false
  normalize_heads:
  - false
  dropout: 0
  node_dropout: 0.0
  reg_dims:
  - 4
  pre_norm: false
  shared_token_transformer: true
engine:
  _target_: watchmal.engine.graph.classification.ClassifierEngine
  target_key: target
  flatten_model_output: false
  prediction_threshold: null
data:
  dataset:
    split_path: /user/nfost94/HKSim/Current_Analysis/Watchmal/5mil_indices_class.npz
    fully_processed: false
    compute_edges_parameters: null
    target_names:
    - e-
    - mu-
    - gamma
    - pi0
    signal_key: e-
    dataset_parameters:
      _target_: watchmal.dataset.graph.h5_graph.H5GraphDataset
      time_order: false
      graph_folder_path: /data/nfost94/hdf5/
      graph_file_names:
      - 5mil_classification.h5
      verbose: 1
  transforms:
    transforms:
      SliceY:
        _target_: watchmal.dataset.graph.pyg_transformations.SliceY
        slice_indices:
        - 0
      AddPMTPositions:
        _target_: watchmal.dataset.graph.pyg_transformations.AddPMTPositions
        geometry_npz_path: /user/nfost94/HKSim/Current_Analysis/Watchmal/hk_geometry/geometry.npz
      DarkNoiseAugmentation:
        _target_: watchmal.dataset.graph.pyg_transformations.DarkNoiseAugmentation
        geometry_npz_path: /user/nfost94/HKSim/Current_Analysis/Watchmal/hk_geometry/geometry.npz
        dark_rate_range_khz:
        - 0
        - 10.0
        t_low: 550.0
        t_high: 1900.0
        deadtime_ns: 560.0
        timing_precision_ns: 0.1
        pe_precision_pe: 0.3
        charge_col: 1
        time_col: 0
        conv_rate: 1.1125
      RandomCylindricalTransform:
        _target_: watchmal.dataset.graph.pyg_transformations.RandomCylindricalTransform
      Normalize:
        _target_: watchmal.dataset.graph.pyg_transformations.Normalize
        apply_log:
        - false
        - true
        - false
        - false
        - false
        eps: 1.0e-12
        feat_norm:
        - - 1900
          - 1000
          - 3300
          - 3300
          - 3300
        - - 550
          - 0.0
          - -3300
          - -3300
          - -3300
      CenterTimeByEvent:
        _target_: watchmal.dataset.graph.pyg_transformations.CenterTimeByEvent
        time_col: 0
      MapLabels:
        _target_: watchmal.dataset.graph.pyg_transformations.MapLabels
        label_set:
        - 11
        - 13
        - 22
        - 111
      ConvertAndToDict:
        _target_: watchmal.dataset.graph.pyg_transformations.ConvertAndToDict
        feature_to_type: float32
        target_to_type: int64
tasks:
  train:
    epochs: 44
    val_interval: 20
    checkpointing: false
    data_loaders:
      train:
        split_key: train_idxs
        is_graph: true
        drop_last: true
        persistent_workers: false
        pin_memory: false
        seed: 4
        num_workers: 8
        batch_size: 1000
        sampler_config:
          _target_: watchmal.dataset.samplers.samplers.SubsetRandomSampler
      validation:
        split_key: val_idxs
        is_graph: true
        drop_last: true
        persistent_workers: false
        pin_memory: false
        num_workers: 8
        batch_size: 1000
        sampler_config:
          _target_: watchmal.dataset.samplers.samplers.SubsetRandomSampler
    loss:
      _target_: torch.nn.CrossEntropyLoss
      weight: null
    optimizers:
      _target_: torch.optim.AdamW
      lr: 0.002
      weight_decay: 0.001
    scheduler:
      _target_: torch.optim.lr_scheduler.OneCycleLR
      max_lr: 0.0005
      total_steps: 310000
      pct_start: 0.01
      anneal_strategy: cos
      div_factor: 50
      final_div_factor: 500
  restore_best_state:
    name: null
  evaluate:
    prefix_for_plot_names: debug_trained_
    report_interval: 30
    batch_log: true
    data_loaders:
      test:
        split_key: test_idxs
        is_graph: true
        drop_last: true
        pin_memory: false
        seed: null
        num_workers: 5
        batch_size: 1000
        sampler_config:
          _target_: watchmal.dataset.samplers.samplers.SubsetSequentialSampler
MASTER_PORT: 12357
find_unused_parameters: true
seed: 1234
deterministic: false
gpu_list:
- 5
launch_wandb: true

wandb: [wandb.login()] Loaded credentials for https://api.wandb.ai from /user/nfost94/.netrc.
wandb: Currently logged in as: naysoup94 (mathieu-ferey-laboratoire-leprince-ringuet) to https://api.wandb.ai. Use `wandb login --relogin` to force relogin
wandb: setting up run 5pgdi9mp
wandb: Tracking run with wandb version 0.24.2
wandb: Run data is saved locally in /scratch/nfost94/wandb/wandb/run-20260828_035126-5pgdi9mp
wandb: Run `wandb offline` to turn off syncing.
wandb: Syncing run young-snowflake-2728
wandb: ⭐️ View project at https://wandb.ai/mathieu-ferey-laboratoire-leprince-ringuet/HK_dirReg_Naomi
wandb: 🚀 View run at https://wandb.ai/mathieu-ferey-laboratoire-leprince-ringuet/HK_dirReg_Naomi/runs/5pgdi9mp
[2026-08-28 03:51:28,908][watchmal.utils.build_utils][INFO] - Modified keys: []
[2026-08-28 03:51:28,910][watchmal.utils.build_utils][INFO] - Keys not found: []
[2026-08-28 03:51:28,913][__main__][INFO] - Single device, not using multiprocessing
[2026-08-28 03:51:28,914][watchmal.entrypoints.run][INFO] - wandb env var WANDB_SERVICE: 3-2182042-unix-/tmp/wandb-2182042-2182141-557634186/socket
[2026-08-28 03:51:31,222][watchmal.entrypoints.run][INFO] - Running worker 0 on device : cuda:5 with wandb_run : <wandb.sdk.wandb_run.Run object at 0x7f9840fa3920>

╔═════════════════════════════════════════════════════════════════════════════════════════════════╗
║                                         W A T C H M A L                                         ║
╚═════════════════════════════════════════════════════════════════════════════════════════════════╝
                            Hyper-Kamiokande · deep learning framework

                                                                              ╭───────────────────╮
                                                                              │ · ∙ ○ ● ● ● ○ ∙ · │
                                                                              │ ∙ ○ ◉ ● ● ● ◉ ○ ∙ │
                                                                              │ ∙ ● ● ○ ∙ ○ ● ● ∙ │
                                                                              │ ∙ ● ● ∙ ∙ ∙ ● ● ∙ │
                                                                              │ ∙ ● ● ○ ∙ ○ ● ● ∙ │
                                                                              │ ∙ ○ ◉ ● ● ● ◉ ○ ∙ │
                                                                              │ · ∙ ○ ● ● ● ○ ∙ · │
                                                                              ╰───────────────────╯

                                                 

            engine : graph/classification   ·   device : cuda:5   ·   params : 358 132
[2026-08-28 03:51:36,220][watchmal.engine.base_engine][INFO] - AMP enabled: False
[2026-08-28 03:51:36,222][watchmal.engine.graph.reconstruction][INFO] - Building PyG dataset per engine
[2026-08-28 03:51:36,242][watchmal.dataset.graph.data_utils][INFO] - One pyg folder path, not using PyGConcatDataset
[2026-08-28 03:51:36,276][watchmal.engine.base_engine][INFO] - Building data loader train..
[2026-08-28 03:51:36,276][watchmal.engine.base_engine][WARNING] - Data loader 'train' still sets a per-loader `seed`; it is ignored. Randomness now comes from the top-level `seed` (1234). Remove the key from the config.
[2026-08-28 03:51:36,309][watchmal.engine.base_engine][INFO] - Data loader train built.
[2026-08-28 03:51:36,310][watchmal.engine.base_engine][INFO] - Building data loader validation..
[2026-08-28 03:51:36,313][watchmal.engine.base_engine][INFO] - Data loader validation built.
[2026-08-28 03:51:36,315][watchmal.engine.base_engine][INFO] - Total trainable parameters: 358132
[2026-08-28 03:51:36,315][watchmal.engine.base_engine][INFO] - Parameters passed to optimizer: 358132
[2026-08-28 03:51:36,317][watchmal.engine.graph.reconstruction][INFO] - Using pre-built dataset (in_memory). Length: 5900000
[2026-08-28 03:51:36,317][watchmal.engine.base_engine][INFO] - Building data loader test..
[2026-08-28 03:51:36,318][watchmal.engine.base_engine][WARNING] - Data loader 'test' still sets a per-loader `seed`; it is ignored. Randomness now comes from the top-level `seed` (1234). Remove the key from the config.
[2026-08-28 03:51:36,325][watchmal.engine.base_engine][INFO] - Data loader test built.
wandb: logging graph, to disable use `wandb.watch(log_graph=False)`
[2026-08-28 03:51:36,327][watchmal.engine.graph.reconstruction][INFO] - 

Training epoch 1/44 starting at 2026-08-28 03:51:36.327447
[2026-08-28 03:51:36,327][watchmal.engine.graph.reconstruction][INFO] - train_loader: <torch_geometric.loader.dataloader.DataLoader object at 0x7f9724c08770>
[2026-08-28 03:51:57,834][watchmal.engine.graph.reconstruction][INFO] - GPU : cuda:5 | Steps : 1/5000 | Iteration : 1 | Batch Size : 1000
[2026-08-28 03:51:57,835][watchmal.engine.graph.reconstruction][INFO] - Batch metrics loss: 1.4038, accuracy: 0.239
[2026-08-28 03:52:32,460][watchmal.engine.graph.reconstruction][INFO] - GPU : cuda:5 | Steps : 21/5000 | Iteration : 21 | Batch Size : 1000
[2026-08-28 03:52:32,462][watchmal.engine.graph.reconstruction][INFO] - Batch metrics loss: 1.3896, accuracy: 0.261
/hepstore/nfost94/miniconda/envs/pt210/lib/python3.12/site-packages/hydra/_internal/hydra.py:119: UserWarning: Future Hydra versions will no longer change working directory at job runtime by default.
See https://hydra.cc/docs/1.2/upgrades/1.1_to_1.2/changes_to_job_working_dir/ for more information.
  ret = run_job(
[2026-08-28 03:52:45,376][__main__][INFO] - Using the following git version of WatChMaL repository: workshop_2025-171-gf36242a
[2026-08-28 03:52:45,381][__main__][INFO] - Running with the following config:
wandb:
  entity: mathieu-ferey-laboratoire-leprince-ringuet
  project: HK_dirReg_Naomi
  dir: /scratch/nfost94/wandb/
  tags:
  - cherp
  - post-merger
  - multitask
  job_type: train_val
  notes: post merger software
model:
  _target_: watchmal.model.CheRP.CheRP
  hidden_channels: 72
  num_heads: 8
  num_layers: 4
  in_channels: 5
  num_tokens: 6
  token_layers_per_step: 1
  num_end_layers: 2
  use_nhits: false
  use_event_total_charge: false
  normalize_heads:
  - false
  dropout: 0
  node_dropout: 0.0
  reg_dims:
  - 4
  pre_norm: false
  shared_token_transformer: true
engine:
  _target_: watchmal.engine.graph.classification.ClassifierEngine
  target_key: target
  flatten_model_output: false
  prediction_threshold: null
data:
  dataset:
    split_path: /user/nfost94/HKSim/Current_Analysis/Watchmal/5mil_indices_class.npz
    fully_processed: false
    compute_edges_parameters: null
    target_names:
    - e-
    - mu-
    - gamma
    - pi0
    signal_key: e-
    dataset_parameters:
      _target_: watchmal.dataset.graph.h5_graph.H5GraphDataset
      time_order: false
      graph_folder_path: /data/nfost94/hdf5/
      graph_file_names:
      - 5mil_classification.h5
      verbose: 1
  transforms:
    transforms:
      SliceY:
        _target_: watchmal.dataset.graph.pyg_transformations.SliceY
        slice_indices:
        - 0
      AddPMTPositions:
        _target_: watchmal.dataset.graph.pyg_transformations.AddPMTPositions
        geometry_npz_path: /user/nfost94/HKSim/Current_Analysis/Watchmal/hk_geometry/geometry.npz
      DarkNoiseAugmentation:
        _target_: watchmal.dataset.graph.pyg_transformations.DarkNoiseAugmentation
        geometry_npz_path: /user/nfost94/HKSim/Current_Analysis/Watchmal/hk_geometry/geometry.npz
        dark_rate_range_khz:
        - 0
        - 10.0
        t_low: 550.0
        t_high: 1900.0
        deadtime_ns: 560.0
        timing_precision_ns: 0.1
        pe_precision_pe: 0.3
        charge_col: 1
        time_col: 0
        conv_rate: 1.1125
      RandomCylindricalTransform:
        _target_: watchmal.dataset.graph.pyg_transformations.RandomCylindricalTransform
      Normalize:
        _target_: watchmal.dataset.graph.pyg_transformations.Normalize
        apply_log:
        - false
        - true
        - false
        - false
        - false
        eps: 1.0e-12
        feat_norm:
        - - 1900
          - 1000
          - 3300
          - 3300
          - 3300
        - - 550
          - 0.0
          - -3300
          - -3300
          - -3300
      CenterTimeByEvent:
        _target_: watchmal.dataset.graph.pyg_transformations.CenterTimeByEvent
        time_col: 0
      MapLabels:
        _target_: watchmal.dataset.graph.pyg_transformations.MapLabels
        label_set:
        - 11
        - 13
        - 22
        - 111
      ConvertAndToDict:
        _target_: watchmal.dataset.graph.pyg_transformations.ConvertAndToDict
        feature_to_type: float32
        target_to_type: int64
tasks:
  train:
    epochs: 44
    val_interval: 20
    checkpointing: false
    data_loaders:
      train:
        split_key: train_idxs
        is_graph: true
        drop_last: true
        persistent_workers: false
        pin_memory: false
        seed: 4
        num_workers: 8
        batch_size: 1000
        sampler_config:
          _target_: watchmal.dataset.samplers.samplers.SubsetRandomSampler
      validation:
        split_key: val_idxs
        is_graph: true
        drop_last: true
        persistent_workers: false
        pin_memory: false
        num_workers: 8
        batch_size: 1000
        sampler_config:
          _target_: watchmal.dataset.samplers.samplers.SubsetRandomSampler
    loss:
      _target_: torch.nn.CrossEntropyLoss
      weight: null
    optimizers:
      _target_: torch.optim.AdamW
      lr: 0.002
      weight_decay: 0.001
    scheduler:
      _target_: torch.optim.lr_scheduler.OneCycleLR
      max_lr: 0.0005
      total_steps: 310000
      pct_start: 0.01
      anneal_strategy: cos
      div_factor: 50
      final_div_factor: 500
  restore_best_state:
    name: null
  evaluate:
    prefix_for_plot_names: debug_trained_
    report_interval: 30
    batch_log: true
    data_loaders:
      test:
        split_key: test_idxs
        is_graph: true
        drop_last: true
        pin_memory: false
        seed: null
        num_workers: 5
        batch_size: 1000
        sampler_config:
          _target_: watchmal.dataset.samplers.samplers.SubsetSequentialSampler
MASTER_PORT: 12357
find_unused_parameters: true
seed: 1234
deterministic: false
gpu_list:
- 4
- 5
launch_wandb: true

wandb: [wandb.login()] Loaded credentials for https://api.wandb.ai from /user/nfost94/.netrc.
wandb: Currently logged in as: naysoup94 (mathieu-ferey-laboratoire-leprince-ringuet) to https://api.wandb.ai. Use `wandb login --relogin` to force relogin
wandb: setting up run 27kuvolv
wandb: Tracking run with wandb version 0.24.2
wandb: Run data is saved locally in /scratch/nfost94/wandb/wandb/run-20260828_035246-27kuvolv
wandb: Run `wandb offline` to turn off syncing.
wandb: Syncing run helpful-microwave-2729
wandb: ⭐️ View project at https://wandb.ai/mathieu-ferey-laboratoire-leprince-ringuet/HK_dirReg_Naomi
wandb: 🚀 View run at https://wandb.ai/mathieu-ferey-laboratoire-leprince-ringuet/HK_dirReg_Naomi/runs/27kuvolv
[2026-08-28 03:52:47,486][watchmal.utils.build_utils][INFO] - Modified keys: []
[2026-08-28 03:52:47,487][watchmal.utils.build_utils][INFO] - Keys not found: []
[2026-08-28 03:52:47,489][__main__][INFO] - Using DistributedDataParallel on devices: ['cuda:4', 'cuda:5']
[2026-08-28 03:52:52,518][watchmal.entrypoints.run][INFO] - Running worker 1 on device : cuda:5 with wandb_run : None
[2026-08-28 03:52:52,521][watchmal.entrypoints.run][INFO] - Running worker 0 on device : cuda:4 with wandb_run : <wandb.sdk.wandb_run.Run object at 0x7fdad4077b00>

╔═════════════════════════════════════════════════════════════════════════════════════════════════╗
║                                         W A T C H M A L                                         ║
╚═════════════════════════════════════════════════════════════════════════════════════════════════╝
                            Hyper-Kamiokande · deep learning framework

                                                                              ╭───────────────────╮
                                                                              │ · ∙ ○ ● ● ● ○ ∙ · │
                                                                              │ ∙ ○ ◉ ● ● ● ◉ ○ ∙ │
                                                                              │ ∙ ● ● ○ ∙ ○ ● ● ∙ │
                                                                              │ ∙ ● ● ∙ ∙ ∙ ● ● ∙ │
                                                                              │ ∙ ● ● ○ ∙ ○ ● ● ∙ │
                                                                              │ ∙ ○ ◉ ● ● ● ◉ ○ ∙ │
                                                                              │ · ∙ ○ ● ● ● ○ ∙ · │
                                                                              ╰───────────────────╯

                                                 

            engine : graph/classification   ·   device : cuda:4   ·   params : 358 132
[2026-08-28 03:52:58,379][watchmal.engine.base_engine][INFO] - AMP enabled: False
[2026-08-28 03:52:58,380][watchmal.engine.graph.reconstruction][INFO] - Building PyG dataset per engine
[2026-08-28 03:52:58,393][watchmal.dataset.graph.data_utils][INFO] - One pyg folder path, not using PyGConcatDataset
[2026-08-28 03:52:58,424][watchmal.engine.base_engine][INFO] - Building data loader train..
[2026-08-28 03:52:58,424][watchmal.engine.base_engine][WARNING] - Data loader 'train' still sets a per-loader `seed`; it is ignored. Randomness now comes from the top-level `seed` (1234). Remove the key from the config.
[2026-08-28 03:52:58,442][watchmal.engine.base_engine][WARNING] - Data loader 'train' still sets a per-loader `seed`; it is ignored. Randomness now comes from the top-level `seed` (1234). Remove the key from the config.
[2026-08-28 03:53:12,428][watchmal.engine.base_engine][INFO] - Data loader train built.
[2026-08-28 03:53:12,429][watchmal.engine.base_engine][INFO] - Building data loader validation..
[2026-08-28 03:53:12,805][watchmal.engine.base_engine][INFO] - Data loader validation built.
[2026-08-28 03:53:12,807][watchmal.engine.base_engine][INFO] - Total trainable parameters: 358132
[2026-08-28 03:53:12,807][watchmal.engine.base_engine][INFO] - Parameters passed to optimizer: 358132
[2026-08-28 03:53:12,809][watchmal.engine.graph.reconstruction][INFO] - Using pre-built dataset (in_memory). Length: 5900000
[2026-08-28 03:53:12,809][watchmal.engine.base_engine][INFO] - Building data loader test..
[2026-08-28 03:53:12,810][watchmal.engine.base_engine][WARNING] - Data loader 'test' still sets a per-loader `seed`; it is ignored. Randomness now comes from the top-level `seed` (1234). Remove the key from the config.
[2026-08-28 03:53:12,815][watchmal.engine.base_engine][INFO] - Data loader test built.
[2026-08-28 03:53:15,704][watchmal.engine.base_engine][WARNING] - Data loader 'test' still sets a per-loader `seed`; it is ignored. Randomness now comes from the top-level `seed` (1234). Remove the key from the config.
wandb: logging graph, to disable use `wandb.watch(log_graph=False)`
[2026-08-28 03:53:15,772][watchmal.engine.graph.reconstruction][INFO] - 

Training epoch 1/44 starting at 2026-08-28 03:53:15.772877
[2026-08-28 03:53:22,030][watchmal.engine.graph.reconstruction][INFO] - train_loader: <torch_geometric.loader.dataloader.DataLoader object at 0x7fd97eea3cb0>
/hepstore/nfost94/miniconda/envs/pt210/lib/python3.12/site-packages/torch/_inductor/compile_fx.py:282: UserWarning: TensorFloat32 tensor cores for float32 matrix multiplication available but not enabled. Consider setting `torch.set_float32_matmul_precision('high')` for better performance.
  warnings.warn(
/hepstore/nfost94/miniconda/envs/pt210/lib/python3.12/site-packages/torch/_inductor/compile_fx.py:282: UserWarning: TensorFloat32 tensor cores for float32 matrix multiplication available but not enabled. Consider setting `torch.set_float32_matmul_precision('high')` for better performance.
  warnings.warn(
[rank1]:[W828 03:53:44.325588259 reducer.cpp:1457] Warning: find_unused_parameters=True was specified in DDP constructor, but did not find any unused parameters in the forward pass. This flag results in an extra traversal of the autograd graph every iteration,  which can adversely affect performance. If your model indeed never has any unused parameters in the forward pass, consider turning this flag off. Note that this warning may be a false positive if your model has flow control causing later iterations to have unused parameters. (function operator())
[rank0]:[W828 03:53:44.410097801 reducer.cpp:1457] Warning: find_unused_parameters=True was specified in DDP constructor, but did not find any unused parameters in the forward pass. This flag results in an extra traversal of the autograd graph every iteration,  which can adversely affect performance. If your model indeed never has any unused parameters in the forward pass, consider turning this flag off. Note that this warning may be a false positive if your model has flow control causing later iterations to have unused parameters. (function operator())
[2026-08-28 03:53:52,256][watchmal.engine.graph.reconstruction][INFO] - GPU : cuda:4 | Steps : 1/5000 | Iteration : 1 | Batch Size : 500
[2026-08-28 03:53:52,257][watchmal.engine.graph.reconstruction][INFO] - Batch metrics loss: 1.3993, accuracy: 0.252
[2026-08-28 03:54:15,764][watchmal.engine.graph.reconstruction][INFO] - GPU : cuda:4 | Steps : 21/5000 | Iteration : 21 | Batch Size : 500
[2026-08-28 03:54:15,765][watchmal.engine.graph.reconstruction][INFO] - Batch metrics loss: 1.3842, accuracy: 0.258
[2026-08-28 03:54:33,637][watchmal.engine.graph.reconstruction][INFO] - GPU : cuda:4 | Steps : 41/5000 | Iteration : 41 | Batch Size : 500
[2026-08-28 03:54:33,638][watchmal.engine.graph.reconstruction][INFO] - Batch metrics loss: 1.385, accuracy: 0.282
[2026-08-28 03:54:50,338][watchmal.engine.graph.reconstruction][INFO] - GPU : cuda:4 | Steps : 61/5000 | Iteration : 61 | Batch Size : 500
[2026-08-28 03:54:50,339][watchmal.engine.graph.reconstruction][INFO] - Batch metrics loss: 1.3885, accuracy: 0.216
[2026-08-28 03:55:08,685][watchmal.engine.graph.reconstruction][INFO] - GPU : cuda:4 | Steps : 81/5000 | Iteration : 81 | Batch Size : 500
[2026-08-28 03:55:08,685][watchmal.engine.graph.reconstruction][INFO] - Batch metrics loss: 1.3847, accuracy: 0.302
[2026-08-28 03:55:25,711][watchmal.engine.graph.reconstruction][INFO] - GPU : cuda:4 | Steps : 101/5000 | Iteration : 101 | Batch Size : 500
[2026-08-28 03:55:25,711][watchmal.engine.graph.reconstruction][INFO] - Batch metrics loss: 1.3872, accuracy: 0.228
[2026-08-28 03:55:42,915][watchmal.engine.graph.reconstruction][INFO] - GPU : cuda:4 | Steps : 121/5000 | Iteration : 121 | Batch Size : 500
[2026-08-28 03:55:42,915][watchmal.engine.graph.reconstruction][INFO] - Batch metrics loss: 1.3853, accuracy: 0.256
[2026-08-28 03:55:59,795][watchmal.engine.graph.reconstruction][INFO] - GPU : cuda:4 | Steps : 141/5000 | Iteration : 141 | Batch Size : 500
[2026-08-28 03:55:59,795][watchmal.engine.graph.reconstruction][INFO] - Batch metrics loss: 1.388, accuracy: 0.216
[2026-08-28 03:56:17,219][watchmal.engine.graph.reconstruction][INFO] - GPU : cuda:4 | Steps : 161/5000 | Iteration : 161 | Batch Size : 500
[2026-08-28 03:56:17,220][watchmal.engine.graph.reconstruction][INFO] - Batch metrics loss: 1.3864, accuracy: 0.244
[2026-08-28 03:56:34,436][watchmal.engine.graph.reconstruction][INFO] - GPU : cuda:4 | Steps : 181/5000 | Iteration : 181 | Batch Size : 500
[2026-08-28 03:56:34,437][watchmal.engine.graph.reconstruction][INFO] - Batch metrics loss: 1.3875, accuracy: 0.238
[2026-08-28 03:56:51,409][watchmal.engine.graph.reconstruction][INFO] - GPU : cuda:4 | Steps : 201/5000 | Iteration : 201 | Batch Size : 500
[2026-08-28 03:56:51,409][watchmal.engine.graph.reconstruction][INFO] - Batch metrics loss: 1.3862, accuracy: 0.266
[2026-08-28 03:57:08,272][watchmal.engine.graph.reconstruction][INFO] - GPU : cuda:4 | Steps : 221/5000 | Iteration : 221 | Batch Size : 500
[2026-08-28 03:57:08,272][watchmal.engine.graph.reconstruction][INFO] - Batch metrics loss: 1.3859, accuracy: 0.234
[2026-08-28 03:57:25,227][watchmal.engine.graph.reconstruction][INFO] - GPU : cuda:4 | Steps : 241/5000 | Iteration : 241 | Batch Size : 500
[2026-08-28 03:57:25,228][watchmal.engine.graph.reconstruction][INFO] - Batch metrics loss: 1.3856, accuracy: 0.272
[2026-08-28 03:57:42,094][watchmal.engine.graph.reconstruction][INFO] - GPU : cuda:4 | Steps : 261/5000 | Iteration : 261 | Batch Size : 500
[2026-08-28 03:57:42,094][watchmal.engine.graph.reconstruction][INFO] - Batch metrics loss: 1.386, accuracy: 0.228
[2026-08-28 03:57:59,095][watchmal.engine.graph.reconstruction][INFO] - GPU : cuda:4 | Steps : 281/5000 | Iteration : 281 | Batch Size : 500
[2026-08-28 03:57:59,096][watchmal.engine.graph.reconstruction][INFO] - Batch metrics loss: 1.386, accuracy: 0.252
[2026-08-28 03:58:15,951][watchmal.engine.graph.reconstruction][INFO] - GPU : cuda:4 | Steps : 301/5000 | Iteration : 301 | Batch Size : 500
[2026-08-28 03:58:15,951][watchmal.engine.graph.reconstruction][INFO] - Batch metrics loss: 1.3875, accuracy: 0.246
[2026-08-28 03:58:33,377][watchmal.engine.graph.reconstruction][INFO] - GPU : cuda:4 | Steps : 321/5000 | Iteration : 321 | Batch Size : 500
[2026-08-28 03:58:33,377][watchmal.engine.graph.reconstruction][INFO] - Batch metrics loss: 1.3862, accuracy: 0.238
[2026-08-28 03:58:50,389][watchmal.engine.graph.reconstruction][INFO] - GPU : cuda:4 | Steps : 341/5000 | Iteration : 341 | Batch Size : 500
[2026-08-28 03:58:50,390][watchmal.engine.graph.reconstruction][INFO] - Batch metrics loss: 1.3877, accuracy: 0.254
[2026-08-28 03:59:07,357][watchmal.engine.graph.reconstruction][INFO] - GPU : cuda:4 | Steps : 361/5000 | Iteration : 361 | Batch Size : 500
[2026-08-28 03:59:07,357][watchmal.engine.graph.reconstruction][INFO] - Batch metrics loss: 1.3856, accuracy: 0.27
[2026-08-28 03:59:24,121][watchmal.engine.graph.reconstruction][INFO] - GPU : cuda:4 | Steps : 381/5000 | Iteration : 381 | Batch Size : 500
[2026-08-28 03:59:24,122][watchmal.engine.graph.reconstruction][INFO] - Batch metrics loss: 1.3858, accuracy: 0.258
[2026-08-28 03:59:40,978][watchmal.engine.graph.reconstruction][INFO] - GPU : cuda:4 | Steps : 401/5000 | Iteration : 401 | Batch Size : 500
[2026-08-28 03:59:40,979][watchmal.engine.graph.reconstruction][INFO] - Batch metrics loss: 1.3854, accuracy: 0.27
[2026-08-28 03:59:57,631][watchmal.engine.graph.reconstruction][INFO] - GPU : cuda:4 | Steps : 421/5000 | Iteration : 421 | Batch Size : 500
[2026-08-28 03:59:57,631][watchmal.engine.graph.reconstruction][INFO] - Batch metrics loss: 1.3837, accuracy: 0.284
[2026-08-28 04:00:14,455][watchmal.engine.graph.reconstruction][INFO] - GPU : cuda:4 | Steps : 441/5000 | Iteration : 441 | Batch Size : 500
[2026-08-28 04:00:14,456][watchmal.engine.graph.reconstruction][INFO] - Batch metrics loss: 1.3865, accuracy: 0.252
[2026-08-28 04:00:31,315][watchmal.engine.graph.reconstruction][INFO] - GPU : cuda:4 | Steps : 461/5000 | Iteration : 461 | Batch Size : 500
[2026-08-28 04:00:31,316][watchmal.engine.graph.reconstruction][INFO] - Batch metrics loss: 1.3862, accuracy: 0.258
[2026-08-28 04:00:48,180][watchmal.engine.graph.reconstruction][INFO] - GPU : cuda:4 | Steps : 481/5000 | Iteration : 481 | Batch Size : 500
[2026-08-28 04:00:48,180][watchmal.engine.graph.reconstruction][INFO] - Batch metrics loss: 1.3847, accuracy: 0.272
[2026-08-28 04:01:05,000][watchmal.engine.graph.reconstruction][INFO] - GPU : cuda:4 | Steps : 501/5000 | Iteration : 501 | Batch Size : 500
[2026-08-28 04:01:05,000][watchmal.engine.graph.reconstruction][INFO] - Batch metrics loss: 1.3856, accuracy: 0.236
[2026-08-28 04:01:21,797][watchmal.engine.graph.reconstruction][INFO] - GPU : cuda:4 | Steps : 521/5000 | Iteration : 521 | Batch Size : 500
[2026-08-28 04:01:21,797][watchmal.engine.graph.reconstruction][INFO] - Batch metrics loss: 1.3842, accuracy: 0.268
[2026-08-28 04:01:38,819][watchmal.engine.graph.reconstruction][INFO] - GPU : cuda:4 | Steps : 541/5000 | Iteration : 541 | Batch Size : 500
[2026-08-28 04:01:38,820][watchmal.engine.graph.reconstruction][INFO] - Batch metrics loss: 1.3869, accuracy: 0.238
[2026-08-28 04:01:55,737][watchmal.engine.graph.reconstruction][INFO] - GPU : cuda:4 | Steps : 561/5000 | Iteration : 561 | Batch Size : 500
[2026-08-28 04:01:55,737][watchmal.engine.graph.reconstruction][INFO] - Batch metrics loss: 1.3883, accuracy: 0.224
[2026-08-28 04:02:12,413][watchmal.engine.graph.reconstruction][INFO] - GPU : cuda:4 | Steps : 581/5000 | Iteration : 581 | Batch Size : 500
[2026-08-28 04:02:12,413][watchmal.engine.graph.reconstruction][INFO] - Batch metrics loss: 1.387, accuracy: 0.222
[2026-08-28 04:02:29,241][watchmal.engine.graph.reconstruction][INFO] - GPU : cuda:4 | Steps : 601/5000 | Iteration : 601 | Batch Size : 500
[2026-08-28 04:02:29,241][watchmal.engine.graph.reconstruction][INFO] - Batch metrics loss: 1.387, accuracy: 0.256
[2026-08-28 04:02:45,927][watchmal.engine.graph.reconstruction][INFO] - GPU : cuda:4 | Steps : 621/5000 | Iteration : 621 | Batch Size : 500
[2026-08-28 04:02:45,927][watchmal.engine.graph.reconstruction][INFO] - Batch metrics loss: 1.3858, accuracy: 0.254
[2026-08-28 04:03:02,774][watchmal.engine.graph.reconstruction][INFO] - GPU : cuda:4 | Steps : 641/5000 | Iteration : 641 | Batch Size : 500
[2026-08-28 04:03:02,774][watchmal.engine.graph.reconstruction][INFO] - Batch metrics loss: 1.3864, accuracy: 0.246
[2026-08-28 04:03:19,476][watchmal.engine.graph.reconstruction][INFO] - GPU : cuda:4 | Steps : 661/5000 | Iteration : 661 | Batch Size : 500
[2026-08-28 04:03:19,477][watchmal.engine.graph.reconstruction][INFO] - Batch metrics loss: 1.3877, accuracy: 0.258
[2026-08-28 04:03:36,517][watchmal.engine.graph.reconstruction][INFO] - GPU : cuda:4 | Steps : 681/5000 | Iteration : 681 | Batch Size : 500
[2026-08-28 04:03:36,518][watchmal.engine.graph.reconstruction][INFO] - Batch metrics loss: 1.3865, accuracy: 0.238
[2026-08-28 04:03:53,194][watchmal.engine.graph.reconstruction][INFO] - GPU : cuda:4 | Steps : 701/5000 | Iteration : 701 | Batch Size : 500
[2026-08-28 04:03:53,194][watchmal.engine.graph.reconstruction][INFO] - Batch metrics loss: 1.3898, accuracy: 0.22
[2026-08-28 04:04:09,997][watchmal.engine.graph.reconstruction][INFO] - GPU : cuda:4 | Steps : 721/5000 | Iteration : 721 | Batch Size : 500
[2026-08-28 04:04:09,998][watchmal.engine.graph.reconstruction][INFO] - Batch metrics loss: 1.388, accuracy: 0.228
[2026-08-28 04:04:26,965][watchmal.engine.graph.reconstruction][INFO] - GPU : cuda:4 | Steps : 741/5000 | Iteration : 741 | Batch Size : 500
[2026-08-28 04:04:26,965][watchmal.engine.graph.reconstruction][INFO] - Batch metrics loss: 1.3849, accuracy: 0.254
[2026-08-28 04:04:44,058][watchmal.engine.graph.reconstruction][INFO] - GPU : cuda:4 | Steps : 761/5000 | Iteration : 761 | Batch Size : 500
[2026-08-28 04:04:44,058][watchmal.engine.graph.reconstruction][INFO] - Batch metrics loss: 1.3874, accuracy: 0.228
[2026-08-28 04:05:00,881][watchmal.engine.graph.reconstruction][INFO] - GPU : cuda:4 | Steps : 781/5000 | Iteration : 781 | Batch Size : 500
[2026-08-28 04:05:00,882][watchmal.engine.graph.reconstruction][INFO] - Batch metrics loss: 1.3877, accuracy: 0.232
[2026-08-28 04:05:17,928][watchmal.engine.graph.reconstruction][INFO] - GPU : cuda:4 | Steps : 801/5000 | Iteration : 801 | Batch Size : 500
[2026-08-28 04:05:17,928][watchmal.engine.graph.reconstruction][INFO] - Batch metrics loss: 1.3852, accuracy: 0.212
[2026-08-28 04:05:34,797][watchmal.engine.graph.reconstruction][INFO] - GPU : cuda:4 | Steps : 821/5000 | Iteration : 821 | Batch Size : 500
[2026-08-28 04:05:34,797][watchmal.engine.graph.reconstruction][INFO] - Batch metrics loss: 1.3835, accuracy: 0.246
[2026-08-28 04:05:52,035][watchmal.engine.graph.reconstruction][INFO] - GPU : cuda:4 | Steps : 841/5000 | Iteration : 841 | Batch Size : 500
[2026-08-28 04:05:52,036][watchmal.engine.graph.reconstruction][INFO] - Batch metrics loss: 1.3836, accuracy: 0.268
[2026-08-28 04:06:08,851][watchmal.engine.graph.reconstruction][INFO] - GPU : cuda:4 | Steps : 861/5000 | Iteration : 861 | Batch Size : 500
[2026-08-28 04:06:08,852][watchmal.engine.graph.reconstruction][INFO] - Batch metrics loss: 1.381, accuracy: 0.264
[2026-08-28 04:06:25,761][watchmal.engine.graph.reconstruction][INFO] - GPU : cuda:4 | Steps : 881/5000 | Iteration : 881 | Batch Size : 500
[2026-08-28 04:06:25,762][watchmal.engine.graph.reconstruction][INFO] - Batch metrics loss: 1.3697, accuracy: 0.276
[2026-08-28 04:06:42,424][watchmal.engine.graph.reconstruction][INFO] - GPU : cuda:4 | Steps : 901/5000 | Iteration : 901 | Batch Size : 500
[2026-08-28 04:06:42,424][watchmal.engine.graph.reconstruction][INFO] - Batch metrics loss: 1.3536, accuracy: 0.334
[2026-08-28 04:06:59,282][watchmal.engine.graph.reconstruction][INFO] - GPU : cuda:4 | Steps : 921/5000 | Iteration : 921 | Batch Size : 500
[2026-08-28 04:06:59,283][watchmal.engine.graph.reconstruction][INFO] - Batch metrics loss: 1.3617, accuracy: 0.276
[2026-08-28 04:07:15,843][watchmal.engine.graph.reconstruction][INFO] - GPU : cuda:4 | Steps : 941/5000 | Iteration : 941 | Batch Size : 500
[2026-08-28 04:07:15,844][watchmal.engine.graph.reconstruction][INFO] - Batch metrics loss: 1.3614, accuracy: 0.288
[2026-08-28 04:07:32,489][watchmal.engine.graph.reconstruction][INFO] - GPU : cuda:4 | Steps : 961/5000 | Iteration : 961 | Batch Size : 500
[2026-08-28 04:07:32,489][watchmal.engine.graph.reconstruction][INFO] - Batch metrics loss: 1.3263, accuracy: 0.348
/hepstore/nfost94/miniconda/envs/pt210/lib/python3.12/multiprocessing/resource_tracker.py:279: UserWarning: resource_tracker: There appear to be 66 leaked semaphore objects to clean up at shutdown
  warnings.warn('resource_tracker: There appear to be %d '
/hepstore/nfost94/miniconda/envs/pt210/lib/python3.12/site-packages/hydra/_internal/hydra.py:119: UserWarning: Future Hydra versions will no longer change working directory at job runtime by default.
See https://hydra.cc/docs/1.2/upgrades/1.1_to_1.2/changes_to_job_working_dir/ for more information.
  ret = run_job(
[2026-08-28 04:07:45,840][watchmal.utils.logging_utils][WARNING] - WARNING: The git repository has uncommitted changes. Please commit changes before running WatChMaL code for proper version control
[2026-08-28 04:07:45,840][__main__][INFO] - Using the following git version of WatChMaL repository: workshop_2025-171-gf36242a-dirty
[2026-08-28 04:07:45,849][__main__][INFO] - Running with the following config:
wandb:
  entity: mathieu-ferey-laboratoire-leprince-ringuet
  project: HK_dirReg_Naomi
  dir: /scratch/nfost94/wandb/
  tags:
  - cherp
  - post-merger
  - multitask
  job_type: train_val
  notes: post merger software
model:
  _target_: watchmal.model.CheRP.CheRP
  hidden_channels: 72
  num_heads: 8
  num_layers: 4
  in_channels: 5
  num_tokens: 6
  token_layers_per_step: 1
  num_end_layers: 2
  use_nhits: false
  use_event_total_charge: false
  normalize_heads:
  - false
  dropout: 0
  node_dropout: 0.0
  reg_dims:
  - 4
  pre_norm: false
  shared_token_transformer: true
engine:
  _target_: watchmal.engine.graph.classification.ClassifierEngine
  target_key: target
  flatten_model_output: false
  prediction_threshold: null
data:
  dataset:
    split_path: /user/nfost94/HKSim/Current_Analysis/Watchmal/5mil_indices_class.npz
    fully_processed: false
    compute_edges_parameters: null
    target_names:
    - e-
    - mu-
    - gamma
    - pi0
    signal_key: e-
    dataset_parameters:
      _target_: watchmal.dataset.graph.h5_graph.H5GraphDataset
      time_order: false
      graph_folder_path: /data/nfost94/hdf5/
      graph_file_names:
      - 5mil_classification.h5
      verbose: 1
  transforms:
    transforms:
      SliceY:
        _target_: watchmal.dataset.graph.pyg_transformations.SliceY
        slice_indices:
        - 0
      AddPMTPositions:
        _target_: watchmal.dataset.graph.pyg_transformations.AddPMTPositions
        geometry_npz_path: /user/nfost94/HKSim/Current_Analysis/Watchmal/hk_geometry/geometry.npz
      DarkNoiseAugmentation:
        _target_: watchmal.dataset.graph.pyg_transformations.DarkNoiseAugmentation
        geometry_npz_path: /user/nfost94/HKSim/Current_Analysis/Watchmal/hk_geometry/geometry.npz
        dark_rate_range_khz:
        - 0
        - 10.0
        t_low: 550.0
        t_high: 1900.0
        deadtime_ns: 560.0
        timing_precision_ns: 0.1
        pe_precision_pe: 0.3
        charge_col: 1
        time_col: 0
        conv_rate: 1.1125
      RandomCylindricalTransform:
        _target_: watchmal.dataset.graph.pyg_transformations.RandomCylindricalTransform
      Normalize:
        _target_: watchmal.dataset.graph.pyg_transformations.Normalize
        apply_log:
        - false
        - true
        - false
        - false
        - false
        eps: 1.0e-12
        feat_norm:
        - - 1900
          - 1000
          - 3300
          - 3300
          - 3300
        - - 550
          - 0.0
          - -3300
          - -3300
          - -3300
      CenterTimeByEvent:
        _target_: watchmal.dataset.graph.pyg_transformations.CenterTimeByEvent
        time_col: 0
      MapLabels:
        _target_: watchmal.dataset.graph.pyg_transformations.MapLabels
        label_set:
        - 11
        - 13
        - 22
        - 111
      ConvertAndToDict:
        _target_: watchmal.dataset.graph.pyg_transformations.ConvertAndToDict
        feature_to_type: float32
        target_to_type: int64
tasks:
  train:
    epochs: 44
    val_interval: 20
    checkpointing: false
    data_loaders:
      train:
        split_key: train_idxs
        is_graph: true
        drop_last: true
        persistent_workers: false
        pin_memory: false
        seed: 4
        num_workers: 8
        batch_size: 1000
        sampler_config:
          _target_: watchmal.dataset.samplers.samplers.SubsetRandomSampler
      validation:
        split_key: val_idxs
        is_graph: true
        drop_last: true
        persistent_workers: false
        pin_memory: false
        num_workers: 8
        batch_size: 1000
        sampler_config:
          _target_: watchmal.dataset.samplers.samplers.SubsetRandomSampler
    loss:
      _target_: torch.nn.CrossEntropyLoss
      weight: null
    optimizers:
      _target_: torch.optim.AdamW
      lr: 0.002
      weight_decay: 0.001
    scheduler:
      _target_: torch.optim.lr_scheduler.OneCycleLR
      max_lr: 0.0005
      total_steps: 310000
      pct_start: 0.01
      anneal_strategy: cos
      div_factor: 50
      final_div_factor: 500
  restore_best_state:
    name: null
  evaluate:
    prefix_for_plot_names: debug_trained_
    report_interval: 30
    batch_log: true
    data_loaders:
      test:
        split_key: test_idxs
        is_graph: true
        drop_last: true
        pin_memory: false
        seed: null
        num_workers: 5
        batch_size: 1000
        sampler_config:
          _target_: watchmal.dataset.samplers.samplers.SubsetSequentialSampler
MASTER_PORT: 12357
find_unused_parameters: true
seed: 1234
deterministic: false
gpu_list:
- 3
- 4
- 5
launch_wandb: true

wandb: [wandb.login()] Loaded credentials for https://api.wandb.ai from /user/nfost94/.netrc.
wandb: Currently logged in as: naysoup94 (mathieu-ferey-laboratoire-leprince-ringuet) to https://api.wandb.ai. Use `wandb login --relogin` to force relogin
wandb: setting up run v0gewije
wandb: Tracking run with wandb version 0.24.2
wandb: Run data is saved locally in /scratch/nfost94/wandb/wandb/run-20260828_040746-v0gewije
wandb: Run `wandb offline` to turn off syncing.
wandb: Syncing run unique-tree-2730
wandb: ⭐️ View project at https://wandb.ai/mathieu-ferey-laboratoire-leprince-ringuet/HK_dirReg_Naomi
wandb: 🚀 View run at https://wandb.ai/mathieu-ferey-laboratoire-leprince-ringuet/HK_dirReg_Naomi/runs/v0gewije
[2026-08-28 04:07:48,051][watchmal.utils.build_utils][INFO] - Modified keys: []
[2026-08-28 04:07:48,051][watchmal.utils.build_utils][INFO] - Keys not found: []
wandb: updating run metadata; uploading console lines 0-1
wandb: uploading requirements.txt; uploading output.log; uploading wandb-summary.json; uploading config.yaml; uploading wandb-metadata.json
wandb: uploading output.log
wandb: 🚀 View run unique-tree-2730 at: https://wandb.ai/mathieu-ferey-laboratoire-leprince-ringuet/HK_dirReg_Naomi/runs/v0gewije
wandb: ⭐️ View project at: https://wandb.ai/mathieu-ferey-laboratoire-leprince-ringuet/HK_dirReg_Naomi
wandb: Synced 5 W&B file(s), 0 media file(s), 0 artifact file(s) and 0 other file(s)
wandb: Find logs at: /scratch/nfost94/wandb/wandb/run-20260828_040746-v0gewije/logs
[2026-08-28 04:07:49,292][__main__][INFO] - Using DistributedDataParallel on devices: ['cuda:3', 'cuda:4', 'cuda:5']
[2026-08-28 04:07:56,009][watchmal.entrypoints.run][INFO] - Running worker 2 on device : cuda:5 with wandb_run : None
[2026-08-28 04:07:56,010][watchmal.entrypoints.run][INFO] - Running worker 1 on device : cuda:4 with wandb_run : None
wandb: [wandb.login()] Loaded credentials for https://api.wandb.ai from /user/nfost94/.netrc.
wandb: Currently logged in as: naysoup94 (mathieu-ferey-laboratoire-leprince-ringuet) to https://api.wandb.ai. Use `wandb login --relogin` to force relogin
wandb: setting up run v0gewije
wandb: Tracking run with wandb version 0.24.2
wandb: Run data is saved locally in /scratch/nfost94/wandb/wandb/run-20260828_040756-v0gewije
wandb: Run `wandb offline` to turn off syncing.
wandb: Resuming run unique-tree-2730
wandb: ⭐️ View project at https://wandb.ai/mathieu-ferey-laboratoire-leprince-ringuet/HK_dirReg_Naomi
wandb: 🚀 View run at https://wandb.ai/mathieu-ferey-laboratoire-leprince-ringuet/HK_dirReg_Naomi/runs/v0gewije
[2026-08-28 04:07:59,359][watchmal.entrypoints.run][INFO] - Running worker 0 on device : cuda:3 with wandb_run : <wandb.sdk.wandb_run.Run object at 0x7fc72bf91130>

╔═════════════════════════════════════════════════════════════════════════════════════════════════╗
║                                         W A T C H M A L                                         ║
╚═════════════════════════════════════════════════════════════════════════════════════════════════╝
                            Hyper-Kamiokande · deep learning framework

                                                                              ╭───────────────────╮
                                                                              │ · ∙ ○ ● ● ● ○ ∙ · │
                                                                              │ ∙ ○ ◉ ● ● ● ◉ ○ ∙ │
                                                                              │ ∙ ● ● ○ ∙ ○ ● ● ∙ │
                                                                              │ ∙ ● ● ∙ ∙ ∙ ● ● ∙ │
                                                                              │ ∙ ● ● ○ ∙ ○ ● ● ∙ │
                                                                              │ ∙ ○ ◉ ● ● ● ◉ ○ ∙ │
                                                                              │ · ∙ ○ ● ● ● ○ ∙ · │
                                                                              ╰───────────────────╯

                                                 

            engine : graph/classification   ·   device : cuda:3   ·   params : 358 132
[2026-08-28 04:08:03,930][watchmal.engine.base_engine][INFO] - AMP enabled: False
[2026-08-28 04:08:03,932][watchmal.engine.graph.reconstruction][INFO] - Building PyG dataset per engine
[2026-08-28 04:08:03,957][watchmal.dataset.graph.data_utils][INFO] - One pyg folder path, not using PyGConcatDataset
[2026-08-28 04:08:03,995][watchmal.engine.base_engine][INFO] - Building data loader train..
[2026-08-28 04:08:03,995][watchmal.engine.base_engine][WARNING] - Data loader 'train' still sets a per-loader `seed`; it is ignored. Randomness now comes from the top-level `seed` (1234). Remove the key from the config.
[2026-08-28 04:08:03,995][watchmal.engine.base_engine][WARNING] - Data loader 'train' still sets a per-loader `seed`; it is ignored. Randomness now comes from the top-level `seed` (1234). Remove the key from the config.
[2026-08-28 04:08:04,001][watchmal.engine.base_engine][WARNING] - Data loader 'train' still sets a per-loader `seed`; it is ignored. Randomness now comes from the top-level `seed` (1234). Remove the key from the config.
[2026-08-28 04:08:17,428][watchmal.engine.base_engine][INFO] - Data loader train built.
[2026-08-28 04:08:17,429][watchmal.engine.base_engine][INFO] - Building data loader validation..
[2026-08-28 04:08:17,652][watchmal.engine.base_engine][WARNING] - Data loader 'test' still sets a per-loader `seed`; it is ignored. Randomness now comes from the top-level `seed` (1234). Remove the key from the config.
[2026-08-28 04:08:17,791][watchmal.engine.base_engine][INFO] - Data loader validation built.
[2026-08-28 04:08:17,794][watchmal.engine.base_engine][INFO] - Total trainable parameters: 358132
[2026-08-28 04:08:17,794][watchmal.engine.base_engine][INFO] - Parameters passed to optimizer: 358132
[2026-08-28 04:08:17,796][watchmal.engine.graph.reconstruction][INFO] - Using pre-built dataset (in_memory). Length: 5900000
[2026-08-28 04:08:17,796][watchmal.engine.base_engine][INFO] - Building data loader test..
[2026-08-28 04:08:17,796][watchmal.engine.base_engine][WARNING] - Data loader 'test' still sets a per-loader `seed`; it is ignored. Randomness now comes from the top-level `seed` (1234). Remove the key from the config.
[2026-08-28 04:08:17,806][watchmal.engine.base_engine][INFO] - Data loader test built.
[2026-08-28 04:08:18,485][watchmal.engine.base_engine][WARNING] - Data loader 'test' still sets a per-loader `seed`; it is ignored. Randomness now comes from the top-level `seed` (1234). Remove the key from the config.
wandb: logging graph, to disable use `wandb.watch(log_graph=False)`
[2026-08-28 04:08:18,523][watchmal.engine.graph.reconstruction][INFO] - 

Training epoch 1/44 starting at 2026-08-28 04:08:18.523512
[2026-08-28 04:08:24,759][watchmal.engine.graph.reconstruction][INFO] - train_loader: <torch_geometric.loader.dataloader.DataLoader object at 0x7fc641694ce0>
/hepstore/nfost94/miniconda/envs/pt210/lib/python3.12/site-packages/torch/_inductor/compile_fx.py:282: UserWarning: TensorFloat32 tensor cores for float32 matrix multiplication available but not enabled. Consider setting `torch.set_float32_matmul_precision('high')` for better performance.
  warnings.warn(
/hepstore/nfost94/miniconda/envs/pt210/lib/python3.12/site-packages/torch/_inductor/compile_fx.py:282: UserWarning: TensorFloat32 tensor cores for float32 matrix multiplication available but not enabled. Consider setting `torch.set_float32_matmul_precision('high')` for better performance.
  warnings.warn(
/hepstore/nfost94/miniconda/envs/pt210/lib/python3.12/site-packages/torch/_inductor/compile_fx.py:282: UserWarning: TensorFloat32 tensor cores for float32 matrix multiplication available but not enabled. Consider setting `torch.set_float32_matmul_precision('high')` for better performance.
  warnings.warn(
[rank0]:[W828 04:08:47.467316634 reducer.cpp:1457] Warning: find_unused_parameters=True was specified in DDP constructor, but did not find any unused parameters in the forward pass. This flag results in an extra traversal of the autograd graph every iteration,  which can adversely affect performance. If your model indeed never has any unused parameters in the forward pass, consider turning this flag off. Note that this warning may be a false positive if your model has flow control causing later iterations to have unused parameters. (function operator())
[rank1]:[W828 04:08:49.102735572 reducer.cpp:1457] Warning: find_unused_parameters=True was specified in DDP constructor, but did not find any unused parameters in the forward pass. This flag results in an extra traversal of the autograd graph every iteration,  which can adversely affect performance. If your model indeed never has any unused parameters in the forward pass, consider turning this flag off. Note that this warning may be a false positive if your model has flow control causing later iterations to have unused parameters. (function operator())
[rank2]:[W828 04:08:49.106156839 reducer.cpp:1457] Warning: find_unused_parameters=True was specified in DDP constructor, but did not find any unused parameters in the forward pass. This flag results in an extra traversal of the autograd graph every iteration,  which can adversely affect performance. If your model indeed never has any unused parameters in the forward pass, consider turning this flag off. Note that this warning may be a false positive if your model has flow control causing later iterations to have unused parameters. (function operator())
[2026-08-28 04:08:59,026][watchmal.engine.graph.reconstruction][INFO] - GPU : cuda:3 | Steps : 1/5005 | Iteration : 1 | Batch Size : 333
[2026-08-28 04:08:59,027][watchmal.engine.graph.reconstruction][INFO] - Batch metrics loss: 1.4064, accuracy: 0.22823
[2026-08-28 04:09:19,821][watchmal.engine.graph.reconstruction][INFO] - GPU : cuda:3 | Steps : 21/5005 | Iteration : 21 | Batch Size : 333
[2026-08-28 04:09:19,821][watchmal.engine.graph.reconstruction][INFO] - Batch metrics loss: 1.3855, accuracy: 0.26426
[2026-08-28 04:09:32,818][watchmal.engine.graph.reconstruction][INFO] - GPU : cuda:3 | Steps : 41/5005 | Iteration : 41 | Batch Size : 333
[2026-08-28 04:09:32,819][watchmal.engine.graph.reconstruction][INFO] - Batch metrics loss: 1.3853, accuracy: 0.28529
[2026-08-28 04:09:43,995][watchmal.engine.graph.reconstruction][INFO] - GPU : cuda:3 | Steps : 61/5005 | Iteration : 61 | Batch Size : 333
[2026-08-28 04:09:43,995][watchmal.engine.graph.reconstruction][INFO] - Batch metrics loss: 1.3869, accuracy: 0.27327
[2026-08-28 04:09:55,701][watchmal.engine.graph.reconstruction][INFO] - GPU : cuda:3 | Steps : 81/5005 | Iteration : 81 | Batch Size : 333
[2026-08-28 04:09:55,702][watchmal.engine.graph.reconstruction][INFO] - Batch metrics loss: 1.3856, accuracy: 0.27027
[2026-08-28 04:10:07,132][watchmal.engine.graph.reconstruction][INFO] - GPU : cuda:3 | Steps : 101/5005 | Iteration : 101 | Batch Size : 333
[2026-08-28 04:10:07,133][watchmal.engine.graph.reconstruction][INFO] - Batch metrics loss: 1.3883, accuracy: 0.22823
[2026-08-28 04:10:19,498][watchmal.engine.graph.reconstruction][INFO] - GPU : cuda:3 | Steps : 121/5005 | Iteration : 121 | Batch Size : 333
[2026-08-28 04:10:19,498][watchmal.engine.graph.reconstruction][INFO] - Batch metrics loss: 1.3849, accuracy: 0.29429
[2026-08-28 04:10:30,951][watchmal.engine.graph.reconstruction][INFO] - GPU : cuda:3 | Steps : 141/5005 | Iteration : 141 | Batch Size : 333
[2026-08-28 04:10:30,952][watchmal.engine.graph.reconstruction][INFO] - Batch metrics loss: 1.3866, accuracy: 0.24024
[2026-08-28 04:10:42,398][watchmal.engine.graph.reconstruction][INFO] - GPU : cuda:3 | Steps : 161/5005 | Iteration : 161 | Batch Size : 333
[2026-08-28 04:10:42,399][watchmal.engine.graph.reconstruction][INFO] - Batch metrics loss: 1.3873, accuracy: 0.21922
[2026-08-28 04:10:53,684][watchmal.engine.graph.reconstruction][INFO] - GPU : cuda:3 | Steps : 181/5005 | Iteration : 181 | Batch Size : 333
[2026-08-28 04:10:53,685][watchmal.engine.graph.reconstruction][INFO] - Batch metrics loss: 1.3858, accuracy: 0.24324
[2026-08-28 04:11:05,200][watchmal.engine.graph.reconstruction][INFO] - GPU : cuda:3 | Steps : 201/5005 | Iteration : 201 | Batch Size : 333
[2026-08-28 04:11:05,200][watchmal.engine.graph.reconstruction][INFO] - Batch metrics loss: 1.3861, accuracy: 0.22523
[2026-08-28 04:11:16,584][watchmal.engine.graph.reconstruction][INFO] - GPU : cuda:3 | Steps : 221/5005 | Iteration : 221 | Batch Size : 333
[2026-08-28 04:11:16,585][watchmal.engine.graph.reconstruction][INFO] - Batch metrics loss: 1.3854, accuracy: 0.27327
[2026-08-28 04:11:27,960][watchmal.engine.graph.reconstruction][INFO] - GPU : cuda:3 | Steps : 241/5005 | Iteration : 241 | Batch Size : 333
[2026-08-28 04:11:27,960][watchmal.engine.graph.reconstruction][INFO] - Batch metrics loss: 1.3856, accuracy: 0.24324
[2026-08-28 04:11:39,525][watchmal.engine.graph.reconstruction][INFO] - GPU : cuda:3 | Steps : 261/5005 | Iteration : 261 | Batch Size : 333
[2026-08-28 04:11:39,525][watchmal.engine.graph.reconstruction][INFO] - Batch metrics loss: 1.3864, accuracy: 0.24324
[2026-08-28 04:11:50,921][watchmal.engine.graph.reconstruction][INFO] - GPU : cuda:3 | Steps : 281/5005 | Iteration : 281 | Batch Size : 333
[2026-08-28 04:11:50,922][watchmal.engine.graph.reconstruction][INFO] - Batch metrics loss: 1.3862, accuracy: 0.23423
[2026-08-28 04:12:03,054][watchmal.engine.graph.reconstruction][INFO] - GPU : cuda:3 | Steps : 301/5005 | Iteration : 301 | Batch Size : 333
[2026-08-28 04:12:03,055][watchmal.engine.graph.reconstruction][INFO] - Batch metrics loss: 1.3875, accuracy: 0.23724
[2026-08-28 04:12:14,552][watchmal.engine.graph.reconstruction][INFO] - GPU : cuda:3 | Steps : 321/5005 | Iteration : 321 | Batch Size : 333
[2026-08-28 04:12:14,553][watchmal.engine.graph.reconstruction][INFO] - Batch metrics loss: 1.3855, accuracy: 0.26126
[2026-08-28 04:12:25,882][watchmal.engine.graph.reconstruction][INFO] - GPU : cuda:3 | Steps : 341/5005 | Iteration : 341 | Batch Size : 333
[2026-08-28 04:12:25,882][watchmal.engine.graph.reconstruction][INFO] - Batch metrics loss: 1.3893, accuracy: 0.22222
[2026-08-28 04:12:37,346][watchmal.engine.graph.reconstruction][INFO] - GPU : cuda:3 | Steps : 361/5005 | Iteration : 361 | Batch Size : 333
[2026-08-28 04:12:37,346][watchmal.engine.graph.reconstruction][INFO] - Batch metrics loss: 1.3875, accuracy: 0.27628
[2026-08-28 04:12:48,555][watchmal.engine.graph.reconstruction][INFO] - GPU : cuda:3 | Steps : 381/5005 | Iteration : 381 | Batch Size : 333
[2026-08-28 04:12:48,556][watchmal.engine.graph.reconstruction][INFO] - Batch metrics loss: 1.3837, accuracy: 0.25526
[2026-08-28 04:13:00,010][watchmal.engine.graph.reconstruction][INFO] - GPU : cuda:3 | Steps : 401/5005 | Iteration : 401 | Batch Size : 333
[2026-08-28 04:13:00,010][watchmal.engine.graph.reconstruction][INFO] - Batch metrics loss: 1.3882, accuracy: 0.24925
[2026-08-28 04:13:11,289][watchmal.engine.graph.reconstruction][INFO] - GPU : cuda:3 | Steps : 421/5005 | Iteration : 421 | Batch Size : 333
[2026-08-28 04:13:11,290][watchmal.engine.graph.reconstruction][INFO] - Batch metrics loss: 1.3807, accuracy: 0.31231
[2026-08-28 04:13:22,649][watchmal.engine.graph.reconstruction][INFO] - GPU : cuda:3 | Steps : 441/5005 | Iteration : 441 | Batch Size : 333
[2026-08-28 04:13:22,650][watchmal.engine.graph.reconstruction][INFO] - Batch metrics loss: 1.3862, accuracy: 0.24324
[2026-08-28 04:13:33,984][watchmal.engine.graph.reconstruction][INFO] - GPU : cuda:3 | Steps : 461/5005 | Iteration : 461 | Batch Size : 333
[2026-08-28 04:13:33,985][watchmal.engine.graph.reconstruction][INFO] - Batch metrics loss: 1.3856, accuracy: 0.25826
[2026-08-28 04:13:45,355][watchmal.engine.graph.reconstruction][INFO] - GPU : cuda:3 | Steps : 481/5005 | Iteration : 481 | Batch Size : 333
[2026-08-28 04:13:45,356][watchmal.engine.graph.reconstruction][INFO] - Batch metrics loss: 1.3878, accuracy: 0.22823
[2026-08-28 04:13:56,641][watchmal.engine.graph.reconstruction][INFO] - GPU : cuda:3 | Steps : 501/5005 | Iteration : 501 | Batch Size : 333
[2026-08-28 04:13:56,641][watchmal.engine.graph.reconstruction][INFO] - Batch metrics loss: 1.3862, accuracy: 0.24925
[2026-08-28 04:14:07,927][watchmal.engine.graph.reconstruction][INFO] - GPU : cuda:3 | Steps : 521/5005 | Iteration : 521 | Batch Size : 333
[2026-08-28 04:14:07,928][watchmal.engine.graph.reconstruction][INFO] - Batch metrics loss: 1.3865, accuracy: 0.26126
[2026-08-28 04:14:19,256][watchmal.engine.graph.reconstruction][INFO] - GPU : cuda:3 | Steps : 541/5005 | Iteration : 541 | Batch Size : 333
[2026-08-28 04:14:19,257][watchmal.engine.graph.reconstruction][INFO] - Batch metrics loss: 1.3887, accuracy: 0.24024
[2026-08-28 04:14:30,811][watchmal.engine.graph.reconstruction][INFO] - GPU : cuda:3 | Steps : 561/5005 | Iteration : 561 | Batch Size : 333
[2026-08-28 04:14:30,811][watchmal.engine.graph.reconstruction][INFO] - Batch metrics loss: 1.3916, accuracy: 0.1952
[2026-08-28 04:14:42,089][watchmal.engine.graph.reconstruction][INFO] - GPU : cuda:3 | Steps : 581/5005 | Iteration : 581 | Batch Size : 333
[2026-08-28 04:14:42,090][watchmal.engine.graph.reconstruction][INFO] - Batch metrics loss: 1.3864, accuracy: 0.23423
[2026-08-28 04:14:53,505][watchmal.engine.graph.reconstruction][INFO] - GPU : cuda:3 | Steps : 601/5005 | Iteration : 601 | Batch Size : 333
[2026-08-28 04:14:53,506][watchmal.engine.graph.reconstruction][INFO] - Batch metrics loss: 1.3879, accuracy: 0.23724
[2026-08-28 04:15:04,813][watchmal.engine.graph.reconstruction][INFO] - GPU : cuda:3 | Steps : 621/5005 | Iteration : 621 | Batch Size : 333
[2026-08-28 04:15:04,814][watchmal.engine.graph.reconstruction][INFO] - Batch metrics loss: 1.3855, accuracy: 0.25826
[2026-08-28 04:15:16,277][watchmal.engine.graph.reconstruction][INFO] - GPU : cuda:3 | Steps : 641/5005 | Iteration : 641 | Batch Size : 333
[2026-08-28 04:15:16,278][watchmal.engine.graph.reconstruction][INFO] - Batch metrics loss: 1.3864, accuracy: 0.24625
[2026-08-28 04:15:27,615][watchmal.engine.graph.reconstruction][INFO] - GPU : cuda:3 | Steps : 661/5005 | Iteration : 661 | Batch Size : 333
[2026-08-28 04:15:27,616][watchmal.engine.graph.reconstruction][INFO] - Batch metrics loss: 1.3858, accuracy: 0.27327
[2026-08-28 04:15:39,288][watchmal.engine.graph.reconstruction][INFO] - GPU : cuda:3 | Steps : 681/5005 | Iteration : 681 | Batch Size : 333
[2026-08-28 04:15:39,288][watchmal.engine.graph.reconstruction][INFO] - Batch metrics loss: 1.3815, accuracy: 0.29429
[2026-08-28 04:15:50,575][watchmal.engine.graph.reconstruction][INFO] - GPU : cuda:3 | Steps : 701/5005 | Iteration : 701 | Batch Size : 333
[2026-08-28 04:15:50,576][watchmal.engine.graph.reconstruction][INFO] - Batch metrics loss: 1.3842, accuracy: 0.24024
[2026-08-28 04:16:02,617][watchmal.engine.graph.reconstruction][INFO] - GPU : cuda:3 | Steps : 721/5005 | Iteration : 721 | Batch Size : 333
[2026-08-28 04:16:02,618][watchmal.engine.graph.reconstruction][INFO] - Batch metrics loss: 1.3877, accuracy: 0.26126
[2026-08-28 04:16:13,916][watchmal.engine.graph.reconstruction][INFO] - GPU : cuda:3 | Steps : 741/5005 | Iteration : 741 | Batch Size : 333
[2026-08-28 04:16:13,916][watchmal.engine.graph.reconstruction][INFO] - Batch metrics loss: 1.3847, accuracy: 0.27327
[2026-08-28 04:16:25,458][watchmal.engine.graph.reconstruction][INFO] - GPU : cuda:3 | Steps : 761/5005 | Iteration : 761 | Batch Size : 333
[2026-08-28 04:16:25,459][watchmal.engine.graph.reconstruction][INFO] - Batch metrics loss: 1.387, accuracy: 0.25225
[2026-08-28 04:16:36,747][watchmal.engine.graph.reconstruction][INFO] - GPU : cuda:3 | Steps : 781/5005 | Iteration : 781 | Batch Size : 333
[2026-08-28 04:16:36,748][watchmal.engine.graph.reconstruction][INFO] - Batch metrics loss: 1.385, accuracy: 0.27027
[2026-08-28 04:16:48,267][watchmal.engine.graph.reconstruction][INFO] - GPU : cuda:3 | Steps : 801/5005 | Iteration : 801 | Batch Size : 333
[2026-08-28 04:16:48,267][watchmal.engine.graph.reconstruction][INFO] - Batch metrics loss: 1.3809, accuracy: 0.28829
[2026-08-28 04:16:59,475][watchmal.engine.graph.reconstruction][INFO] - GPU : cuda:3 | Steps : 821/5005 | Iteration : 821 | Batch Size : 333
[2026-08-28 04:16:59,475][watchmal.engine.graph.reconstruction][INFO] - Batch metrics loss: 1.385, accuracy: 0.23423
[2026-08-28 04:17:10,969][watchmal.engine.graph.reconstruction][INFO] - GPU : cuda:3 | Steps : 841/5005 | Iteration : 841 | Batch Size : 333
[2026-08-28 04:17:10,970][watchmal.engine.graph.reconstruction][INFO] - Batch metrics loss: 1.3881, accuracy: 0.23724
[2026-08-28 04:17:22,260][watchmal.engine.graph.reconstruction][INFO] - GPU : cuda:3 | Steps : 861/5005 | Iteration : 861 | Batch Size : 333
[2026-08-28 04:17:22,261][watchmal.engine.graph.reconstruction][INFO] - Batch metrics loss: 1.3735, accuracy: 0.32132
[2026-08-28 04:17:33,632][watchmal.engine.graph.reconstruction][INFO] - GPU : cuda:3 | Steps : 881/5005 | Iteration : 881 | Batch Size : 333
[2026-08-28 04:17:33,632][watchmal.engine.graph.reconstruction][INFO] - Batch metrics loss: 1.3738, accuracy: 0.3033
[2026-08-28 04:17:44,956][watchmal.engine.graph.reconstruction][INFO] - GPU : cuda:3 | Steps : 901/5005 | Iteration : 901 | Batch Size : 333
[2026-08-28 04:17:44,956][watchmal.engine.graph.reconstruction][INFO] - Batch metrics loss: 1.3472, accuracy: 0.32432
[2026-08-28 04:17:56,337][watchmal.engine.graph.reconstruction][INFO] - GPU : cuda:3 | Steps : 921/5005 | Iteration : 921 | Batch Size : 333
[2026-08-28 04:17:56,337][watchmal.engine.graph.reconstruction][INFO] - Batch metrics loss: 1.3695, accuracy: 0.27027
[2026-08-28 04:18:07,501][watchmal.engine.graph.reconstruction][INFO] - GPU : cuda:3 | Steps : 941/5005 | Iteration : 941 | Batch Size : 333
[2026-08-28 04:18:07,501][watchmal.engine.graph.reconstruction][INFO] - Batch metrics loss: 1.3452, accuracy: 0.32132
[2026-08-28 04:18:18,692][watchmal.engine.graph.reconstruction][INFO] - GPU : cuda:3 | Steps : 961/5005 | Iteration : 961 | Batch Size : 333
[2026-08-28 04:18:18,692][watchmal.engine.graph.reconstruction][INFO] - Batch metrics loss: 1.3441, accuracy: 0.33333
[2026-08-28 04:18:29,907][watchmal.engine.graph.reconstruction][INFO] - GPU : cuda:3 | Steps : 981/5005 | Iteration : 981 | Batch Size : 333
[2026-08-28 04:18:29,907][watchmal.engine.graph.reconstruction][INFO] - Batch metrics loss: 1.312, accuracy: 0.33033
[2026-08-28 04:18:41,301][watchmal.engine.graph.reconstruction][INFO] - GPU : cuda:3 | Steps : 1001/5005 | Iteration : 1001 | Batch Size : 333
[2026-08-28 04:18:41,302][watchmal.engine.graph.reconstruction][INFO] - Batch metrics loss: 1.3619, accuracy: 0.2973
[2026-08-28 04:18:52,551][watchmal.engine.graph.reconstruction][INFO] - GPU : cuda:3 | Steps : 1021/5005 | Iteration : 1021 | Batch Size : 333
[2026-08-28 04:18:52,552][watchmal.engine.graph.reconstruction][INFO] - Batch metrics loss: 1.3567, accuracy: 0.29129
[2026-08-28 04:19:03,838][watchmal.engine.graph.reconstruction][INFO] - GPU : cuda:3 | Steps : 1041/5005 | Iteration : 1041 | Batch Size : 333
[2026-08-28 04:19:03,839][watchmal.engine.graph.reconstruction][INFO] - Batch metrics loss: 1.2972, accuracy: 0.34535
[2026-08-28 04:19:15,070][watchmal.engine.graph.reconstruction][INFO] - GPU : cuda:3 | Steps : 1061/5005 | Iteration : 1061 | Batch Size : 333
[2026-08-28 04:19:15,071][watchmal.engine.graph.reconstruction][INFO] - Batch metrics loss: 1.3016, accuracy: 0.32132
[2026-08-28 04:19:26,361][watchmal.engine.graph.reconstruction][INFO] - GPU : cuda:3 | Steps : 1081/5005 | Iteration : 1081 | Batch Size : 333
[2026-08-28 04:19:26,361][watchmal.engine.graph.reconstruction][INFO] - Batch metrics loss: 1.3138, accuracy: 0.37538
[2026-08-28 04:19:37,361][watchmal.engine.graph.reconstruction][INFO] - GPU : cuda:3 | Steps : 1101/5005 | Iteration : 1101 | Batch Size : 333
[2026-08-28 04:19:37,362][watchmal.engine.graph.reconstruction][INFO] - Batch metrics loss: 1.2714, accuracy: 0.37538
[2026-08-28 04:19:48,568][watchmal.engine.graph.reconstruction][INFO] - GPU : cuda:3 | Steps : 1121/5005 | Iteration : 1121 | Batch Size : 333
[2026-08-28 04:19:48,568][watchmal.engine.graph.reconstruction][INFO] - Batch metrics loss: 1.2701, accuracy: 0.35135
[2026-08-28 04:19:59,718][watchmal.engine.graph.reconstruction][INFO] - GPU : cuda:3 | Steps : 1141/5005 | Iteration : 1141 | Batch Size : 333
[2026-08-28 04:19:59,719][watchmal.engine.graph.reconstruction][INFO] - Batch metrics loss: 1.2107, accuracy: 0.42943
[2026-08-28 04:20:10,888][watchmal.engine.graph.reconstruction][INFO] - GPU : cuda:3 | Steps : 1161/5005 | Iteration : 1161 | Batch Size : 333
[2026-08-28 04:20:10,889][watchmal.engine.graph.reconstruction][INFO] - Batch metrics loss: 1.1796, accuracy: 0.41742
[2026-08-28 04:20:21,916][watchmal.engine.graph.reconstruction][INFO] - GPU : cuda:3 | Steps : 1181/5005 | Iteration : 1181 | Batch Size : 333
[2026-08-28 04:20:21,917][watchmal.engine.graph.reconstruction][INFO] - Batch metrics loss: 1.1915, accuracy: 0.38438
[2026-08-28 04:20:33,197][watchmal.engine.graph.reconstruction][INFO] - GPU : cuda:3 | Steps : 1201/5005 | Iteration : 1201 | Batch Size : 333
[2026-08-28 04:20:33,197][watchmal.engine.graph.reconstruction][INFO] - Batch metrics loss: 1.1395, accuracy: 0.47447
[2026-08-28 04:20:44,251][watchmal.engine.graph.reconstruction][INFO] - GPU : cuda:3 | Steps : 1221/5005 | Iteration : 1221 | Batch Size : 333
[2026-08-28 04:20:44,251][watchmal.engine.graph.reconstruction][INFO] - Batch metrics loss: 1.0727, accuracy: 0.5015
[2026-08-28 04:20:55,383][watchmal.engine.graph.reconstruction][INFO] - GPU : cuda:3 | Steps : 1241/5005 | Iteration : 1241 | Batch Size : 333
[2026-08-28 04:20:55,384][watchmal.engine.graph.reconstruction][INFO] - Batch metrics loss: 1.2501, accuracy: 0.36036
[2026-08-28 04:21:06,385][watchmal.engine.graph.reconstruction][INFO] - GPU : cuda:3 | Steps : 1261/5005 | Iteration : 1261 | Batch Size : 333
[2026-08-28 04:21:06,385][watchmal.engine.graph.reconstruction][INFO] - Batch metrics loss: 1.0771, accuracy: 0.46547
[2026-08-28 04:21:17,519][watchmal.engine.graph.reconstruction][INFO] - GPU : cuda:3 | Steps : 1281/5005 | Iteration : 1281 | Batch Size : 333
[2026-08-28 04:21:17,519][watchmal.engine.graph.reconstruction][INFO] - Batch metrics loss: 1.0437, accuracy: 0.51351
[2026-08-28 04:21:28,565][watchmal.engine.graph.reconstruction][INFO] - GPU : cuda:3 | Steps : 1301/5005 | Iteration : 1301 | Batch Size : 333
[2026-08-28 04:21:28,565][watchmal.engine.graph.reconstruction][INFO] - Batch metrics loss: 1.0725, accuracy: 0.42042
[2026-08-28 04:21:39,610][watchmal.engine.graph.reconstruction][INFO] - GPU : cuda:3 | Steps : 1321/5005 | Iteration : 1321 | Batch Size : 333
[2026-08-28 04:21:39,611][watchmal.engine.graph.reconstruction][INFO] - Batch metrics loss: 1.0537, accuracy: 0.49249
[2026-08-28 04:21:51,127][watchmal.engine.graph.reconstruction][INFO] - GPU : cuda:3 | Steps : 1341/5005 | Iteration : 1341 | Batch Size : 333
[2026-08-28 04:21:51,127][watchmal.engine.graph.reconstruction][INFO] - Batch metrics loss: 1.0393, accuracy: 0.43844
[2026-08-28 04:22:02,311][watchmal.engine.graph.reconstruction][INFO] - GPU : cuda:3 | Steps : 1361/5005 | Iteration : 1361 | Batch Size : 333
[2026-08-28 04:22:02,311][watchmal.engine.graph.reconstruction][INFO] - Batch metrics loss: 1.0522, accuracy: 0.48048
[2026-08-28 04:22:13,297][watchmal.engine.graph.reconstruction][INFO] - GPU : cuda:3 | Steps : 1381/5005 | Iteration : 1381 | Batch Size : 333
[2026-08-28 04:22:13,297][watchmal.engine.graph.reconstruction][INFO] - Batch metrics loss: 1.0645, accuracy: 0.46246
[2026-08-28 04:22:24,363][watchmal.engine.graph.reconstruction][INFO] - GPU : cuda:3 | Steps : 1401/5005 | Iteration : 1401 | Batch Size : 333
[2026-08-28 04:22:24,364][watchmal.engine.graph.reconstruction][INFO] - Batch metrics loss: 1.117, accuracy: 0.43243
[2026-08-28 04:22:35,434][watchmal.engine.graph.reconstruction][INFO] - GPU : cuda:3 | Steps : 1421/5005 | Iteration : 1421 | Batch Size : 333
[2026-08-28 04:22:35,435][watchmal.engine.graph.reconstruction][INFO] - Batch metrics loss: 1.0239, accuracy: 0.48048
[2026-08-28 04:22:46,533][watchmal.engine.graph.reconstruction][INFO] - GPU : cuda:3 | Steps : 1441/5005 | Iteration : 1441 | Batch Size : 333
[2026-08-28 04:22:46,533][watchmal.engine.graph.reconstruction][INFO] - Batch metrics loss: 1.0442, accuracy: 0.5045
[2026-08-28 04:22:57,550][watchmal.engine.graph.reconstruction][INFO] - GPU : cuda:3 | Steps : 1461/5005 | Iteration : 1461 | Batch Size : 333
[2026-08-28 04:22:57,551][watchmal.engine.graph.reconstruction][INFO] - Batch metrics loss: 1.0198, accuracy: 0.47447
[2026-08-28 04:23:08,644][watchmal.engine.graph.reconstruction][INFO] - GPU : cuda:3 | Steps : 1481/5005 | Iteration : 1481 | Batch Size : 333
[2026-08-28 04:23:08,645][watchmal.engine.graph.reconstruction][INFO] - Batch metrics loss: 0.90965, accuracy: 0.57357
[2026-08-28 04:23:19,650][watchmal.engine.graph.reconstruction][INFO] - GPU : cuda:3 | Steps : 1501/5005 | Iteration : 1501 | Batch Size : 333
[2026-08-28 04:23:19,651][watchmal.engine.graph.reconstruction][INFO] - Batch metrics loss: 1.0184, accuracy: 0.5015
[2026-08-28 04:23:30,684][watchmal.engine.graph.reconstruction][INFO] - GPU : cuda:3 | Steps : 1521/5005 | Iteration : 1521 | Batch Size : 333
[2026-08-28 04:23:30,685][watchmal.engine.graph.reconstruction][INFO] - Batch metrics loss: 0.92592, accuracy: 0.52252
[2026-08-28 04:23:41,626][watchmal.engine.graph.reconstruction][INFO] - GPU : cuda:3 | Steps : 1541/5005 | Iteration : 1541 | Batch Size : 333
[2026-08-28 04:23:41,626][watchmal.engine.graph.reconstruction][INFO] - Batch metrics loss: 0.94367, accuracy: 0.55556
[2026-08-28 04:23:52,796][watchmal.engine.graph.reconstruction][INFO] - GPU : cuda:3 | Steps : 1561/5005 | Iteration : 1561 | Batch Size : 333
[2026-08-28 04:23:52,796][watchmal.engine.graph.reconstruction][INFO] - Batch metrics loss: 0.9763, accuracy: 0.47447
[2026-08-28 04:24:03,818][watchmal.engine.graph.reconstruction][INFO] - GPU : cuda:3 | Steps : 1581/5005 | Iteration : 1581 | Batch Size : 333
[2026-08-28 04:24:03,819][watchmal.engine.graph.reconstruction][INFO] - Batch metrics loss: 0.94163, accuracy: 0.52853
[2026-08-28 04:24:14,996][watchmal.engine.graph.reconstruction][INFO] - GPU : cuda:3 | Steps : 1601/5005 | Iteration : 1601 | Batch Size : 333
[2026-08-28 04:24:14,997][watchmal.engine.graph.reconstruction][INFO] - Batch metrics loss: 1.0022, accuracy: 0.45045
[2026-08-28 04:24:25,987][watchmal.engine.graph.reconstruction][INFO] - GPU : cuda:3 | Steps : 1621/5005 | Iteration : 1621 | Batch Size : 333
[2026-08-28 04:24:25,987][watchmal.engine.graph.reconstruction][INFO] - Batch metrics loss: 0.92716, accuracy: 0.51652
[2026-08-28 04:24:37,052][watchmal.engine.graph.reconstruction][INFO] - GPU : cuda:3 | Steps : 1641/5005 | Iteration : 1641 | Batch Size : 333
[2026-08-28 04:24:37,053][watchmal.engine.graph.reconstruction][INFO] - Batch metrics loss: 0.89729, accuracy: 0.54955
[2026-08-28 04:24:47,901][watchmal.engine.graph.reconstruction][INFO] - GPU : cuda:3 | Steps : 1661/5005 | Iteration : 1661 | Batch Size : 333
[2026-08-28 04:24:47,902][watchmal.engine.graph.reconstruction][INFO] - Batch metrics loss: 0.97712, accuracy: 0.4985
[2026-08-28 04:24:59,060][watchmal.engine.graph.reconstruction][INFO] - GPU : cuda:3 | Steps : 1681/5005 | Iteration : 1681 | Batch Size : 333
[2026-08-28 04:24:59,061][watchmal.engine.graph.reconstruction][INFO] - Batch metrics loss: 0.93298, accuracy: 0.4985
[2026-08-28 04:25:10,052][watchmal.engine.graph.reconstruction][INFO] - GPU : cuda:3 | Steps : 1701/5005 | Iteration : 1701 | Batch Size : 333
[2026-08-28 04:25:10,052][watchmal.engine.graph.reconstruction][INFO] - Batch metrics loss: 0.94317, accuracy: 0.5045
[2026-08-28 04:25:21,156][watchmal.engine.graph.reconstruction][INFO] - GPU : cuda:3 | Steps : 1721/5005 | Iteration : 1721 | Batch Size : 333
[2026-08-28 04:25:21,156][watchmal.engine.graph.reconstruction][INFO] - Batch metrics loss: 1.0122, accuracy: 0.46547
[2026-08-28 04:25:32,069][watchmal.engine.graph.reconstruction][INFO] - GPU : cuda:3 | Steps : 1741/5005 | Iteration : 1741 | Batch Size : 333
[2026-08-28 04:25:32,069][watchmal.engine.graph.reconstruction][INFO] - Batch metrics loss: 0.93868, accuracy: 0.5045
[2026-08-28 04:25:43,161][watchmal.engine.graph.reconstruction][INFO] - GPU : cuda:3 | Steps : 1761/5005 | Iteration : 1761 | Batch Size : 333
[2026-08-28 04:25:43,162][watchmal.engine.graph.reconstruction][INFO] - Batch metrics loss: 0.94229, accuracy: 0.48048
[2026-08-28 04:25:54,172][watchmal.engine.graph.reconstruction][INFO] - GPU : cuda:3 | Steps : 1781/5005 | Iteration : 1781 | Batch Size : 333
[2026-08-28 04:25:54,173][watchmal.engine.graph.reconstruction][INFO] - Batch metrics loss: 1.056, accuracy: 0.46547
[2026-08-28 04:26:05,191][watchmal.engine.graph.reconstruction][INFO] - GPU : cuda:3 | Steps : 1801/5005 | Iteration : 1801 | Batch Size : 333
[2026-08-28 04:26:05,192][watchmal.engine.graph.reconstruction][INFO] - Batch metrics loss: 0.97092, accuracy: 0.47748
[2026-08-28 04:26:16,149][watchmal.engine.graph.reconstruction][INFO] - GPU : cuda:3 | Steps : 1821/5005 | Iteration : 1821 | Batch Size : 333
[2026-08-28 04:26:16,149][watchmal.engine.graph.reconstruction][INFO] - Batch metrics loss: 0.9167, accuracy: 0.49249
[2026-08-28 04:26:27,286][watchmal.engine.graph.reconstruction][INFO] - GPU : cuda:3 | Steps : 1841/5005 | Iteration : 1841 | Batch Size : 333
[2026-08-28 04:26:27,286][watchmal.engine.graph.reconstruction][INFO] - Batch metrics loss: 1.1428, accuracy: 0.45045
[2026-08-28 04:26:38,152][watchmal.engine.graph.reconstruction][INFO] - GPU : cuda:3 | Steps : 1861/5005 | Iteration : 1861 | Batch Size : 333
[2026-08-28 04:26:38,152][watchmal.engine.graph.reconstruction][INFO] - Batch metrics loss: 0.97509, accuracy: 0.4955
[2026-08-28 04:26:49,277][watchmal.engine.graph.reconstruction][INFO] - GPU : cuda:3 | Steps : 1881/5005 | Iteration : 1881 | Batch Size : 333
[2026-08-28 04:26:49,278][watchmal.engine.graph.reconstruction][INFO] - Batch metrics loss: 0.90304, accuracy: 0.4985
[2026-08-28 04:27:00,262][watchmal.engine.graph.reconstruction][INFO] - GPU : cuda:3 | Steps : 1901/5005 | Iteration : 1901 | Batch Size : 333
[2026-08-28 04:27:00,263][watchmal.engine.graph.reconstruction][INFO] - Batch metrics loss: 0.9343, accuracy: 0.49249
[2026-08-28 04:27:11,361][watchmal.engine.graph.reconstruction][INFO] - GPU : cuda:3 | Steps : 1921/5005 | Iteration : 1921 | Batch Size : 333
[2026-08-28 04:27:11,362][watchmal.engine.graph.reconstruction][INFO] - Batch metrics loss: 0.90011, accuracy: 0.53453
[2026-08-28 04:27:22,395][watchmal.engine.graph.reconstruction][INFO] - GPU : cuda:3 | Steps : 1941/5005 | Iteration : 1941 | Batch Size : 333
[2026-08-28 04:27:22,395][watchmal.engine.graph.reconstruction][INFO] - Batch metrics loss: 0.90618, accuracy: 0.51952
[2026-08-28 04:27:33,562][watchmal.engine.graph.reconstruction][INFO] - GPU : cuda:3 | Steps : 1961/5005 | Iteration : 1961 | Batch Size : 333
[2026-08-28 04:27:33,562][watchmal.engine.graph.reconstruction][INFO] - Batch metrics loss: 0.88029, accuracy: 0.52252
[2026-08-28 04:27:44,598][watchmal.engine.graph.reconstruction][INFO] - GPU : cuda:3 | Steps : 1981/5005 | Iteration : 1981 | Batch Size : 333
[2026-08-28 04:27:44,598][watchmal.engine.graph.reconstruction][INFO] - Batch metrics loss: 0.94938, accuracy: 0.46547
[2026-08-28 04:27:55,575][watchmal.engine.graph.reconstruction][INFO] - GPU : cuda:3 | Steps : 2001/5005 | Iteration : 2001 | Batch Size : 333
[2026-08-28 04:27:55,576][watchmal.engine.graph.reconstruction][INFO] - Batch metrics loss: 0.96194, accuracy: 0.48949
[2026-08-28 04:28:06,518][watchmal.engine.graph.reconstruction][INFO] - GPU : cuda:3 | Steps : 2021/5005 | Iteration : 2021 | Batch Size : 333
[2026-08-28 04:28:06,518][watchmal.engine.graph.reconstruction][INFO] - Batch metrics loss: 0.89987, accuracy: 0.51952
[2026-08-28 04:28:17,577][watchmal.engine.graph.reconstruction][INFO] - GPU : cuda:3 | Steps : 2041/5005 | Iteration : 2041 | Batch Size : 333
[2026-08-28 04:28:17,577][watchmal.engine.graph.reconstruction][INFO] - Batch metrics loss: 0.94775, accuracy: 0.51051
[2026-08-28 04:28:28,520][watchmal.engine.graph.reconstruction][INFO] - GPU : cuda:3 | Steps : 2061/5005 | Iteration : 2061 | Batch Size : 333
[2026-08-28 04:28:28,520][watchmal.engine.graph.reconstruction][INFO] - Batch metrics loss: 0.94814, accuracy: 0.52853
[2026-08-28 04:28:39,638][watchmal.engine.graph.reconstruction][INFO] - GPU : cuda:3 | Steps : 2081/5005 | Iteration : 2081 | Batch Size : 333
[2026-08-28 04:28:39,638][watchmal.engine.graph.reconstruction][INFO] - Batch metrics loss: 0.93214, accuracy: 0.51351
[2026-08-28 04:28:50,467][watchmal.engine.graph.reconstruction][INFO] - GPU : cuda:3 | Steps : 2101/5005 | Iteration : 2101 | Batch Size : 333
[2026-08-28 04:28:50,467][watchmal.engine.graph.reconstruction][INFO] - Batch metrics loss: 0.92906, accuracy: 0.4985
[2026-08-28 04:29:01,435][watchmal.engine.graph.reconstruction][INFO] - GPU : cuda:3 | Steps : 2121/5005 | Iteration : 2121 | Batch Size : 333
[2026-08-28 04:29:01,436][watchmal.engine.graph.reconstruction][INFO] - Batch metrics loss: 0.90575, accuracy: 0.53453
[2026-08-28 04:29:12,382][watchmal.engine.graph.reconstruction][INFO] - GPU : cuda:3 | Steps : 2141/5005 | Iteration : 2141 | Batch Size : 333
[2026-08-28 04:29:12,383][watchmal.engine.graph.reconstruction][INFO] - Batch metrics loss: 0.89244, accuracy: 0.52853
[2026-08-28 04:29:23,547][watchmal.engine.graph.reconstruction][INFO] - GPU : cuda:3 | Steps : 2161/5005 | Iteration : 2161 | Batch Size : 333
[2026-08-28 04:29:23,548][watchmal.engine.graph.reconstruction][INFO] - Batch metrics loss: 0.8892, accuracy: 0.53453
[2026-08-28 04:29:34,569][watchmal.engine.graph.reconstruction][INFO] - GPU : cuda:3 | Steps : 2181/5005 | Iteration : 2181 | Batch Size : 333
[2026-08-28 04:29:34,569][watchmal.engine.graph.reconstruction][INFO] - Batch metrics loss: 0.90371, accuracy: 0.52252
[2026-08-28 04:29:45,730][watchmal.engine.graph.reconstruction][INFO] - GPU : cuda:3 | Steps : 2201/5005 | Iteration : 2201 | Batch Size : 333
[2026-08-28 04:29:45,731][watchmal.engine.graph.reconstruction][INFO] - Batch metrics loss: 0.85868, accuracy: 0.53754
[2026-08-28 04:29:56,688][watchmal.engine.graph.reconstruction][INFO] - GPU : cuda:3 | Steps : 2221/5005 | Iteration : 2221 | Batch Size : 333
[2026-08-28 04:29:56,689][watchmal.engine.graph.reconstruction][INFO] - Batch metrics loss: 0.99829, accuracy: 0.51051
[2026-08-28 04:30:07,826][watchmal.engine.graph.reconstruction][INFO] - GPU : cuda:3 | Steps : 2241/5005 | Iteration : 2241 | Batch Size : 333
[2026-08-28 04:30:07,826][watchmal.engine.graph.reconstruction][INFO] - Batch metrics loss: 1.1711, accuracy: 0.42042
[2026-08-28 04:30:18,967][watchmal.engine.graph.reconstruction][INFO] - GPU : cuda:3 | Steps : 2261/5005 | Iteration : 2261 | Batch Size : 333
[2026-08-28 04:30:18,967][watchmal.engine.graph.reconstruction][INFO] - Batch metrics loss: 0.95362, accuracy: 0.45946
[2026-08-28 04:30:30,085][watchmal.engine.graph.reconstruction][INFO] - GPU : cuda:3 | Steps : 2281/5005 | Iteration : 2281 | Batch Size : 333
[2026-08-28 04:30:30,086][watchmal.engine.graph.reconstruction][INFO] - Batch metrics loss: 0.91979, accuracy: 0.51952
[2026-08-28 04:30:41,044][watchmal.engine.graph.reconstruction][INFO] - GPU : cuda:3 | Steps : 2301/5005 | Iteration : 2301 | Batch Size : 333
[2026-08-28 04:30:41,044][watchmal.engine.graph.reconstruction][INFO] - Batch metrics loss: 0.93746, accuracy: 0.51351
[2026-08-28 04:30:52,133][watchmal.engine.graph.reconstruction][INFO] - GPU : cuda:3 | Steps : 2321/5005 | Iteration : 2321 | Batch Size : 333
[2026-08-28 04:30:52,133][watchmal.engine.graph.reconstruction][INFO] - Batch metrics loss: 0.8851, accuracy: 0.56156
[2026-08-28 04:31:03,124][watchmal.engine.graph.reconstruction][INFO] - GPU : cuda:3 | Steps : 2341/5005 | Iteration : 2341 | Batch Size : 333
[2026-08-28 04:31:03,124][watchmal.engine.graph.reconstruction][INFO] - Batch metrics loss: 0.87606, accuracy: 0.54655
[2026-08-28 04:31:14,298][watchmal.engine.graph.reconstruction][INFO] - GPU : cuda:3 | Steps : 2361/5005 | Iteration : 2361 | Batch Size : 333
[2026-08-28 04:31:14,299][watchmal.engine.graph.reconstruction][INFO] - Batch metrics loss: 0.86941, accuracy: 0.54054
[2026-08-28 04:31:25,355][watchmal.engine.graph.reconstruction][INFO] - GPU : cuda:3 | Steps : 2381/5005 | Iteration : 2381 | Batch Size : 333
[2026-08-28 04:31:25,355][watchmal.engine.graph.reconstruction][INFO] - Batch metrics loss: 0.80531, accuracy: 0.61562
[2026-08-28 04:31:36,391][watchmal.engine.graph.reconstruction][INFO] - GPU : cuda:3 | Steps : 2401/5005 | Iteration : 2401 | Batch Size : 333
[2026-08-28 04:31:36,391][watchmal.engine.graph.reconstruction][INFO] - Batch metrics loss: 0.9073, accuracy: 0.54354
[2026-08-28 04:31:47,396][watchmal.engine.graph.reconstruction][INFO] - GPU : cuda:3 | Steps : 2421/5005 | Iteration : 2421 | Batch Size : 333
[2026-08-28 04:31:47,396][watchmal.engine.graph.reconstruction][INFO] - Batch metrics loss: 0.89787, accuracy: 0.51952
[2026-08-28 04:31:58,455][watchmal.engine.graph.reconstruction][INFO] - GPU : cuda:3 | Steps : 2441/5005 | Iteration : 2441 | Batch Size : 333
[2026-08-28 04:31:58,455][watchmal.engine.graph.reconstruction][INFO] - Batch metrics loss: 0.97749, accuracy: 0.48949
[2026-08-28 04:32:09,340][watchmal.engine.graph.reconstruction][INFO] - GPU : cuda:3 | Steps : 2461/5005 | Iteration : 2461 | Batch Size : 333
[2026-08-28 04:32:09,340][watchmal.engine.graph.reconstruction][INFO] - Batch metrics loss: 0.84309, accuracy: 0.55856
[2026-08-28 04:32:20,464][watchmal.engine.graph.reconstruction][INFO] - GPU : cuda:3 | Steps : 2481/5005 | Iteration : 2481 | Batch Size : 333
[2026-08-28 04:32:20,465][watchmal.engine.graph.reconstruction][INFO] - Batch metrics loss: 1.1258, accuracy: 0.40841
[2026-08-28 04:32:31,466][watchmal.engine.graph.reconstruction][INFO] - GPU : cuda:3 | Steps : 2501/5005 | Iteration : 2501 | Batch Size : 333
[2026-08-28 04:32:31,466][watchmal.engine.graph.reconstruction][INFO] - Batch metrics loss: 0.93219, accuracy: 0.51351
[2026-08-28 04:32:42,630][watchmal.engine.graph.reconstruction][INFO] - GPU : cuda:3 | Steps : 2521/5005 | Iteration : 2521 | Batch Size : 333
[2026-08-28 04:32:42,630][watchmal.engine.graph.reconstruction][INFO] - Batch metrics loss: 0.82234, accuracy: 0.58859
[2026-08-28 04:32:53,558][watchmal.engine.graph.reconstruction][INFO] - GPU : cuda:3 | Steps : 2541/5005 | Iteration : 2541 | Batch Size : 333
[2026-08-28 04:32:53,558][watchmal.engine.graph.reconstruction][INFO] - Batch metrics loss: 0.8559, accuracy: 0.53153
[2026-08-28 04:33:04,823][watchmal.engine.graph.reconstruction][INFO] - GPU : cuda:3 | Steps : 2561/5005 | Iteration : 2561 | Batch Size : 333
[2026-08-28 04:33:04,824][watchmal.engine.graph.reconstruction][INFO] - Batch metrics loss: 0.91407, accuracy: 0.48949
[2026-08-28 04:33:15,895][watchmal.engine.graph.reconstruction][INFO] - GPU : cuda:3 | Steps : 2581/5005 | Iteration : 2581 | Batch Size : 333
[2026-08-28 04:33:15,896][watchmal.engine.graph.reconstruction][INFO] - Batch metrics loss: 0.85917, accuracy: 0.52252
[2026-08-28 04:33:27,381][watchmal.engine.graph.reconstruction][INFO] - GPU : cuda:3 | Steps : 2601/5005 | Iteration : 2601 | Batch Size : 333
[2026-08-28 04:33:27,382][watchmal.engine.graph.reconstruction][INFO] - Batch metrics loss: 0.84032, accuracy: 0.53453
[2026-08-28 04:33:38,296][watchmal.engine.graph.reconstruction][INFO] - GPU : cuda:3 | Steps : 2621/5005 | Iteration : 2621 | Batch Size : 333
[2026-08-28 04:33:38,297][watchmal.engine.graph.reconstruction][INFO] - Batch metrics loss: 0.87974, accuracy: 0.52553
[2026-08-28 04:33:49,405][watchmal.engine.graph.reconstruction][INFO] - GPU : cuda:3 | Steps : 2641/5005 | Iteration : 2641 | Batch Size : 333
[2026-08-28 04:33:49,406][watchmal.engine.graph.reconstruction][INFO] - Batch metrics loss: 0.88229, accuracy: 0.51351
[2026-08-28 04:34:00,290][watchmal.engine.graph.reconstruction][INFO] - GPU : cuda:3 | Steps : 2661/5005 | Iteration : 2661 | Batch Size : 333
[2026-08-28 04:34:00,291][watchmal.engine.graph.reconstruction][INFO] - Batch metrics loss: 1.022, accuracy: 0.47147
[2026-08-28 04:34:11,380][watchmal.engine.graph.reconstruction][INFO] - GPU : cuda:3 | Steps : 2681/5005 | Iteration : 2681 | Batch Size : 333
[2026-08-28 04:34:11,381][watchmal.engine.graph.reconstruction][INFO] - Batch metrics loss: 0.80673, accuracy: 0.60661
[2026-08-28 04:34:22,355][watchmal.engine.graph.reconstruction][INFO] - GPU : cuda:3 | Steps : 2701/5005 | Iteration : 2701 | Batch Size : 333
[2026-08-28 04:34:22,355][watchmal.engine.graph.reconstruction][INFO] - Batch metrics loss: 0.87214, accuracy: 0.56757
[2026-08-28 04:34:33,383][watchmal.engine.graph.reconstruction][INFO] - GPU : cuda:3 | Steps : 2721/5005 | Iteration : 2721 | Batch Size : 333
[2026-08-28 04:34:33,383][watchmal.engine.graph.reconstruction][INFO] - Batch metrics loss: 0.85913, accuracy: 0.52853
[2026-08-28 04:34:44,426][watchmal.engine.graph.reconstruction][INFO] - GPU : cuda:3 | Steps : 2741/5005 | Iteration : 2741 | Batch Size : 333
[2026-08-28 04:34:44,427][watchmal.engine.graph.reconstruction][INFO] - Batch metrics loss: 0.88785, accuracy: 0.55255
[2026-08-28 04:34:55,554][watchmal.engine.graph.reconstruction][INFO] - GPU : cuda:3 | Steps : 2761/5005 | Iteration : 2761 | Batch Size : 333
[2026-08-28 04:34:55,554][watchmal.engine.graph.reconstruction][INFO] - Batch metrics loss: 0.85065, accuracy: 0.56456
[2026-08-28 04:35:06,498][watchmal.engine.graph.reconstruction][INFO] - GPU : cuda:3 | Steps : 2781/5005 | Iteration : 2781 | Batch Size : 333
[2026-08-28 04:35:06,499][watchmal.engine.graph.reconstruction][INFO] - Batch metrics loss: 0.87083, accuracy: 0.55255
[2026-08-28 04:35:17,614][watchmal.engine.graph.reconstruction][INFO] - GPU : cuda:3 | Steps : 2801/5005 | Iteration : 2801 | Batch Size : 333
[2026-08-28 04:35:17,615][watchmal.engine.graph.reconstruction][INFO] - Batch metrics loss: 0.84592, accuracy: 0.58258
[2026-08-28 04:35:28,541][watchmal.engine.graph.reconstruction][INFO] - GPU : cuda:3 | Steps : 2821/5005 | Iteration : 2821 | Batch Size : 333
[2026-08-28 04:35:28,542][watchmal.engine.graph.reconstruction][INFO] - Batch metrics loss: 0.90917, accuracy: 0.55255
[2026-08-28 04:35:39,593][watchmal.engine.graph.reconstruction][INFO] - GPU : cuda:3 | Steps : 2841/5005 | Iteration : 2841 | Batch Size : 333
[2026-08-28 04:35:39,593][watchmal.engine.graph.reconstruction][INFO] - Batch metrics loss: 0.84148, accuracy: 0.54655
[2026-08-28 04:35:50,526][watchmal.engine.graph.reconstruction][INFO] - GPU : cuda:3 | Steps : 2861/5005 | Iteration : 2861 | Batch Size : 333
[2026-08-28 04:35:50,526][watchmal.engine.graph.reconstruction][INFO] - Batch metrics loss: 0.87322, accuracy: 0.54955
[2026-08-28 04:36:01,648][watchmal.engine.graph.reconstruction][INFO] - GPU : cuda:3 | Steps : 2881/5005 | Iteration : 2881 | Batch Size : 333
[2026-08-28 04:36:01,648][watchmal.engine.graph.reconstruction][INFO] - Batch metrics loss: 0.7815, accuracy: 0.57958
[2026-08-28 04:36:12,708][watchmal.engine.graph.reconstruction][INFO] - GPU : cuda:3 | Steps : 2901/5005 | Iteration : 2901 | Batch Size : 333
[2026-08-28 04:36:12,708][watchmal.engine.graph.reconstruction][INFO] - Batch metrics loss: 0.86004, accuracy: 0.53153
[2026-08-28 04:36:23,853][watchmal.engine.graph.reconstruction][INFO] - GPU : cuda:3 | Steps : 2921/5005 | Iteration : 2921 | Batch Size : 333
[2026-08-28 04:36:23,854][watchmal.engine.graph.reconstruction][INFO] - Batch metrics loss: 0.83135, accuracy: 0.54054
[2026-08-28 04:36:34,731][watchmal.engine.graph.reconstruction][INFO] - GPU : cuda:3 | Steps : 2941/5005 | Iteration : 2941 | Batch Size : 333
[2026-08-28 04:36:34,731][watchmal.engine.graph.reconstruction][INFO] - Batch metrics loss: 0.91245, accuracy: 0.5045
[2026-08-28 04:36:45,812][watchmal.engine.graph.reconstruction][INFO] - GPU : cuda:3 | Steps : 2961/5005 | Iteration : 2961 | Batch Size : 333
[2026-08-28 04:36:45,812][watchmal.engine.graph.reconstruction][INFO] - Batch metrics loss: 0.88303, accuracy: 0.53153
[2026-08-28 04:36:56,765][watchmal.engine.graph.reconstruction][INFO] - GPU : cuda:3 | Steps : 2981/5005 | Iteration : 2981 | Batch Size : 333
[2026-08-28 04:36:56,766][watchmal.engine.graph.reconstruction][INFO] - Batch metrics loss: 0.86567, accuracy: 0.55255
[2026-08-28 04:37:07,853][watchmal.engine.graph.reconstruction][INFO] - GPU : cuda:3 | Steps : 3001/5005 | Iteration : 3001 | Batch Size : 333
[2026-08-28 04:37:07,854][watchmal.engine.graph.reconstruction][INFO] - Batch metrics loss: 0.89628, accuracy: 0.53453
[2026-08-28 04:37:18,836][watchmal.engine.graph.reconstruction][INFO] - GPU : cuda:3 | Steps : 3021/5005 | Iteration : 3021 | Batch Size : 333
[2026-08-28 04:37:18,836][watchmal.engine.graph.reconstruction][INFO] - Batch metrics loss: 0.88277, accuracy: 0.57357
[2026-08-28 04:37:29,885][watchmal.engine.graph.reconstruction][INFO] - GPU : cuda:3 | Steps : 3041/5005 | Iteration : 3041 | Batch Size : 333
[2026-08-28 04:37:29,886][watchmal.engine.graph.reconstruction][INFO] - Batch metrics loss: 0.84376, accuracy: 0.58859
[2026-08-28 04:37:40,904][watchmal.engine.graph.reconstruction][INFO] - GPU : cuda:3 | Steps : 3061/5005 | Iteration : 3061 | Batch Size : 333
[2026-08-28 04:37:40,904][watchmal.engine.graph.reconstruction][INFO] - Batch metrics loss: 0.85534, accuracy: 0.55856
[2026-08-28 04:37:52,033][watchmal.engine.graph.reconstruction][INFO] - GPU : cuda:3 | Steps : 3081/5005 | Iteration : 3081 | Batch Size : 333
[2026-08-28 04:37:52,033][watchmal.engine.graph.reconstruction][INFO] - Batch metrics loss: 0.92174, accuracy: 0.52553
[2026-08-28 04:38:02,957][watchmal.engine.graph.reconstruction][INFO] - GPU : cuda:3 | Steps : 3101/5005 | Iteration : 3101 | Batch Size : 333
[2026-08-28 04:38:02,958][watchmal.engine.graph.reconstruction][INFO] - Batch metrics loss: 0.82769, accuracy: 0.58559
[2026-08-28 04:38:14,092][watchmal.engine.graph.reconstruction][INFO] - GPU : cuda:3 | Steps : 3121/5005 | Iteration : 3121 | Batch Size : 333
[2026-08-28 04:38:14,092][watchmal.engine.graph.reconstruction][INFO] - Batch metrics loss: 0.88817, accuracy: 0.57658
[2026-08-28 04:38:25,105][watchmal.engine.graph.reconstruction][INFO] - GPU : cuda:3 | Steps : 3141/5005 | Iteration : 3141 | Batch Size : 333
[2026-08-28 04:38:25,105][watchmal.engine.graph.reconstruction][INFO] - Batch metrics loss: 0.88999, accuracy: 0.52853
[2026-08-28 04:38:36,430][watchmal.engine.graph.reconstruction][INFO] - GPU : cuda:3 | Steps : 3161/5005 | Iteration : 3161 | Batch Size : 333
[2026-08-28 04:38:36,430][watchmal.engine.graph.reconstruction][INFO] - Batch metrics loss: 0.83971, accuracy: 0.53754
[2026-08-28 04:38:47,378][watchmal.engine.graph.reconstruction][INFO] - GPU : cuda:3 | Steps : 3181/5005 | Iteration : 3181 | Batch Size : 333
[2026-08-28 04:38:47,379][watchmal.engine.graph.reconstruction][INFO] - Batch metrics loss: 0.82469, accuracy: 0.55255
[2026-08-28 04:38:58,472][watchmal.engine.graph.reconstruction][INFO] - GPU : cuda:3 | Steps : 3201/5005 | Iteration : 3201 | Batch Size : 333
[2026-08-28 04:38:58,473][watchmal.engine.graph.reconstruction][INFO] - Batch metrics loss: 0.92272, accuracy: 0.53153
[2026-08-28 04:39:09,644][watchmal.engine.graph.reconstruction][INFO] - GPU : cuda:3 | Steps : 3221/5005 | Iteration : 3221 | Batch Size : 333
[2026-08-28 04:39:09,645][watchmal.engine.graph.reconstruction][INFO] - Batch metrics loss: 0.855, accuracy: 0.52252
[2026-08-28 04:39:20,601][watchmal.engine.graph.reconstruction][INFO] - GPU : cuda:3 | Steps : 3241/5005 | Iteration : 3241 | Batch Size : 333
[2026-08-28 04:39:20,601][watchmal.engine.graph.reconstruction][INFO] - Batch metrics loss: 0.93177, accuracy: 0.52853
[2026-08-28 04:39:31,718][watchmal.engine.graph.reconstruction][INFO] - GPU : cuda:3 | Steps : 3261/5005 | Iteration : 3261 | Batch Size : 333
[2026-08-28 04:39:31,718][watchmal.engine.graph.reconstruction][INFO] - Batch metrics loss: 0.8419, accuracy: 0.56156
[2026-08-28 04:39:42,817][watchmal.engine.graph.reconstruction][INFO] - GPU : cuda:3 | Steps : 3281/5005 | Iteration : 3281 | Batch Size : 333
[2026-08-28 04:39:42,817][watchmal.engine.graph.reconstruction][INFO] - Batch metrics loss: 0.84758, accuracy: 0.51351
[2026-08-28 04:39:53,943][watchmal.engine.graph.reconstruction][INFO] - GPU : cuda:3 | Steps : 3301/5005 | Iteration : 3301 | Batch Size : 333
[2026-08-28 04:39:53,944][watchmal.engine.graph.reconstruction][INFO] - Batch metrics loss: 0.8151, accuracy: 0.56757
[2026-08-28 04:40:04,993][watchmal.engine.graph.reconstruction][INFO] - GPU : cuda:3 | Steps : 3321/5005 | Iteration : 3321 | Batch Size : 333
[2026-08-28 04:40:04,993][watchmal.engine.graph.reconstruction][INFO] - Batch metrics loss: 0.81014, accuracy: 0.58258
[2026-08-28 04:40:15,947][watchmal.engine.graph.reconstruction][INFO] - GPU : cuda:3 | Steps : 3341/5005 | Iteration : 3341 | Batch Size : 333
[2026-08-28 04:40:15,947][watchmal.engine.graph.reconstruction][INFO] - Batch metrics loss: 0.83858, accuracy: 0.60961
[2026-08-28 04:40:27,073][watchmal.engine.graph.reconstruction][INFO] - GPU : cuda:3 | Steps : 3361/5005 | Iteration : 3361 | Batch Size : 333
[2026-08-28 04:40:27,073][watchmal.engine.graph.reconstruction][INFO] - Batch metrics loss: 0.81201, accuracy: 0.60661
[2026-08-28 04:40:38,171][watchmal.engine.graph.reconstruction][INFO] - GPU : cuda:3 | Steps : 3381/5005 | Iteration : 3381 | Batch Size : 333
[2026-08-28 04:40:38,172][watchmal.engine.graph.reconstruction][INFO] - Batch metrics loss: 0.85219, accuracy: 0.55255
[2026-08-28 04:40:49,419][watchmal.engine.graph.reconstruction][INFO] - GPU : cuda:3 | Steps : 3401/5005 | Iteration : 3401 | Batch Size : 333
[2026-08-28 04:40:49,419][watchmal.engine.graph.reconstruction][INFO] - Batch metrics loss: 0.79839, accuracy: 0.59459
[2026-08-28 04:41:00,466][watchmal.engine.graph.reconstruction][INFO] - GPU : cuda:3 | Steps : 3421/5005 | Iteration : 3421 | Batch Size : 333
[2026-08-28 04:41:00,467][watchmal.engine.graph.reconstruction][INFO] - Batch metrics loss: 0.91692, accuracy: 0.51051
[2026-08-28 04:41:11,462][watchmal.engine.graph.reconstruction][INFO] - GPU : cuda:3 | Steps : 3441/5005 | Iteration : 3441 | Batch Size : 333
[2026-08-28 04:41:11,462][watchmal.engine.graph.reconstruction][INFO] - Batch metrics loss: 0.88054, accuracy: 0.54354
[2026-08-28 04:41:22,578][watchmal.engine.graph.reconstruction][INFO] - GPU : cuda:3 | Steps : 3461/5005 | Iteration : 3461 | Batch Size : 333
[2026-08-28 04:41:22,578][watchmal.engine.graph.reconstruction][INFO] - Batch metrics loss: 0.85337, accuracy: 0.57958
[2026-08-28 04:41:33,711][watchmal.engine.graph.reconstruction][INFO] - GPU : cuda:3 | Steps : 3481/5005 | Iteration : 3481 | Batch Size : 333
[2026-08-28 04:41:33,711][watchmal.engine.graph.reconstruction][INFO] - Batch metrics loss: 0.8287, accuracy: 0.55556
[2026-08-28 04:41:44,745][watchmal.engine.graph.reconstruction][INFO] - GPU : cuda:3 | Steps : 3501/5005 | Iteration : 3501 | Batch Size : 333
[2026-08-28 04:41:44,746][watchmal.engine.graph.reconstruction][INFO] - Batch metrics loss: 0.83511, accuracy: 0.57057
[2026-08-28 04:41:55,862][watchmal.engine.graph.reconstruction][INFO] - GPU : cuda:3 | Steps : 3521/5005 | Iteration : 3521 | Batch Size : 333
[2026-08-28 04:41:55,863][watchmal.engine.graph.reconstruction][INFO] - Batch metrics loss: 0.84043, accuracy: 0.55856
[2026-08-28 04:42:06,870][watchmal.engine.graph.reconstruction][INFO] - GPU : cuda:3 | Steps : 3541/5005 | Iteration : 3541 | Batch Size : 333
[2026-08-28 04:42:06,870][watchmal.engine.graph.reconstruction][INFO] - Batch metrics loss: 0.78304, accuracy: 0.57357
[2026-08-28 04:42:17,857][watchmal.engine.graph.reconstruction][INFO] - GPU : cuda:3 | Steps : 3561/5005 | Iteration : 3561 | Batch Size : 333
[2026-08-28 04:42:17,858][watchmal.engine.graph.reconstruction][INFO] - Batch metrics loss: 0.80052, accuracy: 0.60661
[2026-08-28 04:42:28,803][watchmal.engine.graph.reconstruction][INFO] - GPU : cuda:3 | Steps : 3581/5005 | Iteration : 3581 | Batch Size : 333
[2026-08-28 04:42:28,804][watchmal.engine.graph.reconstruction][INFO] - Batch metrics loss: 0.79881, accuracy: 0.61261
[2026-08-28 04:42:39,792][watchmal.engine.graph.reconstruction][INFO] - GPU : cuda:3 | Steps : 3601/5005 | Iteration : 3601 | Batch Size : 333
[2026-08-28 04:42:39,793][watchmal.engine.graph.reconstruction][INFO] - Batch metrics loss: 0.82108, accuracy: 0.57057
[2026-08-28 04:42:50,762][watchmal.engine.graph.reconstruction][INFO] - GPU : cuda:3 | Steps : 3621/5005 | Iteration : 3621 | Batch Size : 333
[2026-08-28 04:42:50,763][watchmal.engine.graph.reconstruction][INFO] - Batch metrics loss: 0.85978, accuracy: 0.54054
[2026-08-28 04:43:01,939][watchmal.engine.graph.reconstruction][INFO] - GPU : cuda:3 | Steps : 3641/5005 | Iteration : 3641 | Batch Size : 333
[2026-08-28 04:43:01,940][watchmal.engine.graph.reconstruction][INFO] - Batch metrics loss: 0.83798, accuracy: 0.58258
[2026-08-28 04:43:12,937][watchmal.engine.graph.reconstruction][INFO] - GPU : cuda:3 | Steps : 3661/5005 | Iteration : 3661 | Batch Size : 333
[2026-08-28 04:43:12,937][watchmal.engine.graph.reconstruction][INFO] - Batch metrics loss: 0.80993, accuracy: 0.54955
[2026-08-28 04:43:24,046][watchmal.engine.graph.reconstruction][INFO] - GPU : cuda:3 | Steps : 3681/5005 | Iteration : 3681 | Batch Size : 333
[2026-08-28 04:43:24,047][watchmal.engine.graph.reconstruction][INFO] - Batch metrics loss: 0.87562, accuracy: 0.51051
[2026-08-28 04:43:35,020][watchmal.engine.graph.reconstruction][INFO] - GPU : cuda:3 | Steps : 3701/5005 | Iteration : 3701 | Batch Size : 333
[2026-08-28 04:43:35,021][watchmal.engine.graph.reconstruction][INFO] - Batch metrics loss: 0.82663, accuracy: 0.57658
[2026-08-28 04:43:46,017][watchmal.engine.graph.reconstruction][INFO] - GPU : cuda:3 | Steps : 3721/5005 | Iteration : 3721 | Batch Size : 333
[2026-08-28 04:43:46,018][watchmal.engine.graph.reconstruction][INFO] - Batch metrics loss: 0.7935, accuracy: 0.61562
[2026-08-28 04:43:57,012][watchmal.engine.graph.reconstruction][INFO] - GPU : cuda:3 | Steps : 3741/5005 | Iteration : 3741 | Batch Size : 333
[2026-08-28 04:43:57,012][watchmal.engine.graph.reconstruction][INFO] - Batch metrics loss: 0.86388, accuracy: 0.52553
[2026-08-28 04:44:08,085][watchmal.engine.graph.reconstruction][INFO] - GPU : cuda:3 | Steps : 3761/5005 | Iteration : 3761 | Batch Size : 333
[2026-08-28 04:44:08,085][watchmal.engine.graph.reconstruction][INFO] - Batch metrics loss: 0.81546, accuracy: 0.61261
[2026-08-28 04:44:19,143][watchmal.engine.graph.reconstruction][INFO] - GPU : cuda:3 | Steps : 3781/5005 | Iteration : 3781 | Batch Size : 333
[2026-08-28 04:44:19,144][watchmal.engine.graph.reconstruction][INFO] - Batch metrics loss: 0.86628, accuracy: 0.54655
[2026-08-28 04:44:30,366][watchmal.engine.graph.reconstruction][INFO] - GPU : cuda:3 | Steps : 3801/5005 | Iteration : 3801 | Batch Size : 333
[2026-08-28 04:44:30,366][watchmal.engine.graph.reconstruction][INFO] - Batch metrics loss: 0.82528, accuracy: 0.57658
[2026-08-28 04:44:41,375][watchmal.engine.graph.reconstruction][INFO] - GPU : cuda:3 | Steps : 3821/5005 | Iteration : 3821 | Batch Size : 333
[2026-08-28 04:44:41,376][watchmal.engine.graph.reconstruction][INFO] - Batch metrics loss: 0.83341, accuracy: 0.58258
[2026-08-28 04:44:52,406][watchmal.engine.graph.reconstruction][INFO] - GPU : cuda:3 | Steps : 3841/5005 | Iteration : 3841 | Batch Size : 333
[2026-08-28 04:44:52,407][watchmal.engine.graph.reconstruction][INFO] - Batch metrics loss: 0.80954, accuracy: 0.5976
[2026-08-28 04:45:03,292][watchmal.engine.graph.reconstruction][INFO] - GPU : cuda:3 | Steps : 3861/5005 | Iteration : 3861 | Batch Size : 333
[2026-08-28 04:45:03,293][watchmal.engine.graph.reconstruction][INFO] - Batch metrics loss: 0.79876, accuracy: 0.61261
[2026-08-28 04:45:14,351][watchmal.engine.graph.reconstruction][INFO] - GPU : cuda:3 | Steps : 3881/5005 | Iteration : 3881 | Batch Size : 333
[2026-08-28 04:45:14,351][watchmal.engine.graph.reconstruction][INFO] - Batch metrics loss: 0.77488, accuracy: 0.61562
[2026-08-28 04:45:25,260][watchmal.engine.graph.reconstruction][INFO] - GPU : cuda:3 | Steps : 3901/5005 | Iteration : 3901 | Batch Size : 333
[2026-08-28 04:45:25,261][watchmal.engine.graph.reconstruction][INFO] - Batch metrics loss: 0.77972, accuracy: 0.59159
[2026-08-28 04:45:36,319][watchmal.engine.graph.reconstruction][INFO] - GPU : cuda:3 | Steps : 3921/5005 | Iteration : 3921 | Batch Size : 333
[2026-08-28 04:45:36,320][watchmal.engine.graph.reconstruction][INFO] - Batch metrics loss: 0.86651, accuracy: 0.56456
[2026-08-28 04:45:47,243][watchmal.engine.graph.reconstruction][INFO] - GPU : cuda:3 | Steps : 3941/5005 | Iteration : 3941 | Batch Size : 333
[2026-08-28 04:45:47,243][watchmal.engine.graph.reconstruction][INFO] - Batch metrics loss: 0.85095, accuracy: 0.57958
[2026-08-28 04:45:58,258][watchmal.engine.graph.reconstruction][INFO] - GPU : cuda:3 | Steps : 3961/5005 | Iteration : 3961 | Batch Size : 333
[2026-08-28 04:45:58,259][watchmal.engine.graph.reconstruction][INFO] - Batch metrics loss: 0.83013, accuracy: 0.57357
[2026-08-28 04:46:09,359][watchmal.engine.graph.reconstruction][INFO] - GPU : cuda:3 | Steps : 3981/5005 | Iteration : 3981 | Batch Size : 333
[2026-08-28 04:46:09,359][watchmal.engine.graph.reconstruction][INFO] - Batch metrics loss: 0.79037, accuracy: 0.63664
[2026-08-28 04:46:20,445][watchmal.engine.graph.reconstruction][INFO] - GPU : cuda:3 | Steps : 4001/5005 | Iteration : 4001 | Batch Size : 333
[2026-08-28 04:46:20,445][watchmal.engine.graph.reconstruction][INFO] - Batch metrics loss: 0.76854, accuracy: 0.6006
[2026-08-28 04:46:31,395][watchmal.engine.graph.reconstruction][INFO] - GPU : cuda:3 | Steps : 4021/5005 | Iteration : 4021 | Batch Size : 333
[2026-08-28 04:46:31,395][watchmal.engine.graph.reconstruction][INFO] - Batch metrics loss: 0.84221, accuracy: 0.56156
[2026-08-28 04:46:42,423][watchmal.engine.graph.reconstruction][INFO] - GPU : cuda:3 | Steps : 4041/5005 | Iteration : 4041 | Batch Size : 333
[2026-08-28 04:46:42,423][watchmal.engine.graph.reconstruction][INFO] - Batch metrics loss: 0.81673, accuracy: 0.59159
[2026-08-28 04:46:53,504][watchmal.engine.graph.reconstruction][INFO] - GPU : cuda:3 | Steps : 4061/5005 | Iteration : 4061 | Batch Size : 333
[2026-08-28 04:46:53,504][watchmal.engine.graph.reconstruction][INFO] - Batch metrics loss: 0.84551, accuracy: 0.54354
[2026-08-28 04:47:04,627][watchmal.engine.graph.reconstruction][INFO] - GPU : cuda:3 | Steps : 4081/5005 | Iteration : 4081 | Batch Size : 333
[2026-08-28 04:47:04,627][watchmal.engine.graph.reconstruction][INFO] - Batch metrics loss: 0.81616, accuracy: 0.57658
[2026-08-28 04:47:15,613][watchmal.engine.graph.reconstruction][INFO] - GPU : cuda:3 | Steps : 4101/5005 | Iteration : 4101 | Batch Size : 333
[2026-08-28 04:47:15,614][watchmal.engine.graph.reconstruction][INFO] - Batch metrics loss: 0.90094, accuracy: 0.51351
[2026-08-28 04:47:26,733][watchmal.engine.graph.reconstruction][INFO] - GPU : cuda:3 | Steps : 4121/5005 | Iteration : 4121 | Batch Size : 333
[2026-08-28 04:47:26,733][watchmal.engine.graph.reconstruction][INFO] - Batch metrics loss: 0.78616, accuracy: 0.57357
[2026-08-28 04:47:37,690][watchmal.engine.graph.reconstruction][INFO] - GPU : cuda:3 | Steps : 4141/5005 | Iteration : 4141 | Batch Size : 333
[2026-08-28 04:47:37,690][watchmal.engine.graph.reconstruction][INFO] - Batch metrics loss: 0.82817, accuracy: 0.56757
[2026-08-28 04:47:48,775][watchmal.engine.graph.reconstruction][INFO] - GPU : cuda:3 | Steps : 4161/5005 | Iteration : 4161 | Batch Size : 333
[2026-08-28 04:47:48,776][watchmal.engine.graph.reconstruction][INFO] - Batch metrics loss: 0.83804, accuracy: 0.57958
[2026-08-28 04:47:59,661][watchmal.engine.graph.reconstruction][INFO] - GPU : cuda:3 | Steps : 4181/5005 | Iteration : 4181 | Batch Size : 333
[2026-08-28 04:47:59,661][watchmal.engine.graph.reconstruction][INFO] - Batch metrics loss: 0.80773, accuracy: 0.56757
[2026-08-28 04:48:10,844][watchmal.engine.graph.reconstruction][INFO] - GPU : cuda:3 | Steps : 4201/5005 | Iteration : 4201 | Batch Size : 333
[2026-08-28 04:48:10,845][watchmal.engine.graph.reconstruction][INFO] - Batch metrics loss: 0.83853, accuracy: 0.56456
[2026-08-28 04:48:21,939][watchmal.engine.graph.reconstruction][INFO] - GPU : cuda:3 | Steps : 4221/5005 | Iteration : 4221 | Batch Size : 333
[2026-08-28 04:48:21,939][watchmal.engine.graph.reconstruction][INFO] - Batch metrics loss: 0.85043, accuracy: 0.55556
[2026-08-28 04:48:32,941][watchmal.engine.graph.reconstruction][INFO] - GPU : cuda:3 | Steps : 4241/5005 | Iteration : 4241 | Batch Size : 333
[2026-08-28 04:48:32,942][watchmal.engine.graph.reconstruction][INFO] - Batch metrics loss: 0.79174, accuracy: 0.58859
[2026-08-28 04:48:43,985][watchmal.engine.graph.reconstruction][INFO] - GPU : cuda:3 | Steps : 4261/5005 | Iteration : 4261 | Batch Size : 333
[2026-08-28 04:48:43,985][watchmal.engine.graph.reconstruction][INFO] - Batch metrics loss: 0.84791, accuracy: 0.55255
[2026-08-28 04:48:55,052][watchmal.engine.graph.reconstruction][INFO] - GPU : cuda:3 | Steps : 4281/5005 | Iteration : 4281 | Batch Size : 333
[2026-08-28 04:48:55,053][watchmal.engine.graph.reconstruction][INFO] - Batch metrics loss: 0.82866, accuracy: 0.59159
[2026-08-28 04:49:06,144][watchmal.engine.graph.reconstruction][INFO] - GPU : cuda:3 | Steps : 4301/5005 | Iteration : 4301 | Batch Size : 333
[2026-08-28 04:49:06,144][watchmal.engine.graph.reconstruction][INFO] - Batch metrics loss: 0.82402, accuracy: 0.56757
[2026-08-28 04:49:17,253][watchmal.engine.graph.reconstruction][INFO] - GPU : cuda:3 | Steps : 4321/5005 | Iteration : 4321 | Batch Size : 333
[2026-08-28 04:49:17,254][watchmal.engine.graph.reconstruction][INFO] - Batch metrics loss: 0.825, accuracy: 0.56456
[2026-08-28 04:49:28,245][watchmal.engine.graph.reconstruction][INFO] - GPU : cuda:3 | Steps : 4341/5005 | Iteration : 4341 | Batch Size : 333
[2026-08-28 04:49:28,245][watchmal.engine.graph.reconstruction][INFO] - Batch metrics loss: 0.80052, accuracy: 0.62462
[2026-08-28 04:49:39,414][watchmal.engine.graph.reconstruction][INFO] - GPU : cuda:3 | Steps : 4361/5005 | Iteration : 4361 | Batch Size : 333
[2026-08-28 04:49:39,414][watchmal.engine.graph.reconstruction][INFO] - Batch metrics loss: 0.77406, accuracy: 0.61562
[2026-08-28 04:49:50,455][watchmal.engine.graph.reconstruction][INFO] - GPU : cuda:3 | Steps : 4381/5005 | Iteration : 4381 | Batch Size : 333
[2026-08-28 04:49:50,455][watchmal.engine.graph.reconstruction][INFO] - Batch metrics loss: 0.84496, accuracy: 0.55255
[2026-08-28 04:50:01,520][watchmal.engine.graph.reconstruction][INFO] - GPU : cuda:3 | Steps : 4401/5005 | Iteration : 4401 | Batch Size : 333
[2026-08-28 04:50:01,521][watchmal.engine.graph.reconstruction][INFO] - Batch metrics loss: 0.8244, accuracy: 0.57658
[2026-08-28 04:50:12,394][watchmal.engine.graph.reconstruction][INFO] - GPU : cuda:3 | Steps : 4421/5005 | Iteration : 4421 | Batch Size : 333
[2026-08-28 04:50:12,395][watchmal.engine.graph.reconstruction][INFO] - Batch metrics loss: 0.77261, accuracy: 0.6006
[2026-08-28 04:50:23,615][watchmal.engine.graph.reconstruction][INFO] - GPU : cuda:3 | Steps : 4441/5005 | Iteration : 4441 | Batch Size : 333
[2026-08-28 04:50:23,615][watchmal.engine.graph.reconstruction][INFO] - Batch metrics loss: 0.78236, accuracy: 0.59459
[2026-08-28 04:50:34,582][watchmal.engine.graph.reconstruction][INFO] - GPU : cuda:3 | Steps : 4461/5005 | Iteration : 4461 | Batch Size : 333
[2026-08-28 04:50:34,582][watchmal.engine.graph.reconstruction][INFO] - Batch metrics loss: 0.7984, accuracy: 0.60661
[2026-08-28 04:50:45,672][watchmal.engine.graph.reconstruction][INFO] - GPU : cuda:3 | Steps : 4481/5005 | Iteration : 4481 | Batch Size : 333
[2026-08-28 04:50:45,672][watchmal.engine.graph.reconstruction][INFO] - Batch metrics loss: 0.78019, accuracy: 0.59459
[2026-08-28 04:50:56,613][watchmal.engine.graph.reconstruction][INFO] - GPU : cuda:3 | Steps : 4501/5005 | Iteration : 4501 | Batch Size : 333
[2026-08-28 04:50:56,614][watchmal.engine.graph.reconstruction][INFO] - Batch metrics loss: 0.85806, accuracy: 0.53453
[2026-08-28 04:51:07,720][watchmal.engine.graph.reconstruction][INFO] - GPU : cuda:3 | Steps : 4521/5005 | Iteration : 4521 | Batch Size : 333
[2026-08-28 04:51:07,720][watchmal.engine.graph.reconstruction][INFO] - Batch metrics loss: 0.87474, accuracy: 0.54955
[2026-08-28 04:51:18,822][watchmal.engine.graph.reconstruction][INFO] - GPU : cuda:3 | Steps : 4541/5005 | Iteration : 4541 | Batch Size : 333
[2026-08-28 04:51:18,822][watchmal.engine.graph.reconstruction][INFO] - Batch metrics loss: 0.75828, accuracy: 0.63063
[2026-08-28 04:51:29,909][watchmal.engine.graph.reconstruction][INFO] - GPU : cuda:3 | Steps : 4561/5005 | Iteration : 4561 | Batch Size : 333
[2026-08-28 04:51:29,910][watchmal.engine.graph.reconstruction][INFO] - Batch metrics loss: 0.80105, accuracy: 0.58559
[2026-08-28 04:51:40,880][watchmal.engine.graph.reconstruction][INFO] - GPU : cuda:3 | Steps : 4581/5005 | Iteration : 4581 | Batch Size : 333
[2026-08-28 04:51:40,881][watchmal.engine.graph.reconstruction][INFO] - Batch metrics loss: 0.81585, accuracy: 0.58258
[2026-08-28 04:51:51,948][watchmal.engine.graph.reconstruction][INFO] - GPU : cuda:3 | Steps : 4601/5005 | Iteration : 4601 | Batch Size : 333
[2026-08-28 04:51:51,949][watchmal.engine.graph.reconstruction][INFO] - Batch metrics loss: 0.82155, accuracy: 0.56757
[2026-08-28 04:52:02,974][watchmal.engine.graph.reconstruction][INFO] - GPU : cuda:3 | Steps : 4621/5005 | Iteration : 4621 | Batch Size : 333
[2026-08-28 04:52:02,975][watchmal.engine.graph.reconstruction][INFO] - Batch metrics loss: 0.87177, accuracy: 0.51652
[2026-08-28 04:52:14,095][watchmal.engine.graph.reconstruction][INFO] - GPU : cuda:3 | Steps : 4641/5005 | Iteration : 4641 | Batch Size : 333
[2026-08-28 04:52:14,096][watchmal.engine.graph.reconstruction][INFO] - Batch metrics loss: 0.81334, accuracy: 0.58559
[2026-08-28 04:52:25,142][watchmal.engine.graph.reconstruction][INFO] - GPU : cuda:3 | Steps : 4661/5005 | Iteration : 4661 | Batch Size : 333
[2026-08-28 04:52:25,142][watchmal.engine.graph.reconstruction][INFO] - Batch metrics loss: 1.1993, accuracy: 0.39339
[2026-08-28 04:52:36,244][watchmal.engine.graph.reconstruction][INFO] - GPU : cuda:3 | Steps : 4681/5005 | Iteration : 4681 | Batch Size : 333
[2026-08-28 04:52:36,245][watchmal.engine.graph.reconstruction][INFO] - Batch metrics loss: 0.84296, accuracy: 0.54955
[2026-08-28 04:52:47,286][watchmal.engine.graph.reconstruction][INFO] - GPU : cuda:3 | Steps : 4701/5005 | Iteration : 4701 | Batch Size : 333
[2026-08-28 04:52:47,287][watchmal.engine.graph.reconstruction][INFO] - Batch metrics loss: 0.8503, accuracy: 0.54955
[2026-08-28 04:52:58,424][watchmal.engine.graph.reconstruction][INFO] - GPU : cuda:3 | Steps : 4721/5005 | Iteration : 4721 | Batch Size : 333
[2026-08-28 04:52:58,425][watchmal.engine.graph.reconstruction][INFO] - Batch metrics loss: 0.83184, accuracy: 0.55556
[2026-08-28 04:53:09,413][watchmal.engine.graph.reconstruction][INFO] - GPU : cuda:3 | Steps : 4741/5005 | Iteration : 4741 | Batch Size : 333
[2026-08-28 04:53:09,414][watchmal.engine.graph.reconstruction][INFO] - Batch metrics loss: 0.80895, accuracy: 0.58258
[2026-08-28 04:53:20,482][watchmal.engine.graph.reconstruction][INFO] - GPU : cuda:3 | Steps : 4761/5005 | Iteration : 4761 | Batch Size : 333
[2026-08-28 04:53:20,482][watchmal.engine.graph.reconstruction][INFO] - Batch metrics loss: 0.81648, accuracy: 0.56757
[2026-08-28 04:53:31,371][watchmal.engine.graph.reconstruction][INFO] - GPU : cuda:3 | Steps : 4781/5005 | Iteration : 4781 | Batch Size : 333
[2026-08-28 04:53:31,371][watchmal.engine.graph.reconstruction][INFO] - Batch metrics loss: 0.85026, accuracy: 0.55255
[2026-08-28 04:53:42,595][watchmal.engine.graph.reconstruction][INFO] - GPU : cuda:3 | Steps : 4801/5005 | Iteration : 4801 | Batch Size : 333
[2026-08-28 04:53:42,596][watchmal.engine.graph.reconstruction][INFO] - Batch metrics loss: 0.76503, accuracy: 0.6036
[2026-08-28 04:53:53,658][watchmal.engine.graph.reconstruction][INFO] - GPU : cuda:3 | Steps : 4821/5005 | Iteration : 4821 | Batch Size : 333
[2026-08-28 04:53:53,658][watchmal.engine.graph.reconstruction][INFO] - Batch metrics loss: 0.79664, accuracy: 0.6036
[2026-08-28 04:54:04,758][watchmal.engine.graph.reconstruction][INFO] - GPU : cuda:3 | Steps : 4841/5005 | Iteration : 4841 | Batch Size : 333
[2026-08-28 04:54:04,758][watchmal.engine.graph.reconstruction][INFO] - Batch metrics loss: 0.79103, accuracy: 0.58258
[2026-08-28 04:54:15,758][watchmal.engine.graph.reconstruction][INFO] - GPU : cuda:3 | Steps : 4861/5005 | Iteration : 4861 | Batch Size : 333
[2026-08-28 04:54:15,758][watchmal.engine.graph.reconstruction][INFO] - Batch metrics loss: 0.78675, accuracy: 0.6036
[2026-08-28 04:54:26,864][watchmal.engine.graph.reconstruction][INFO] - GPU : cuda:3 | Steps : 4881/5005 | Iteration : 4881 | Batch Size : 333
[2026-08-28 04:54:26,865][watchmal.engine.graph.reconstruction][INFO] - Batch metrics loss: 0.8681, accuracy: 0.56156
[2026-08-28 04:54:37,928][watchmal.engine.graph.reconstruction][INFO] - GPU : cuda:3 | Steps : 4901/5005 | Iteration : 4901 | Batch Size : 333
[2026-08-28 04:54:37,928][watchmal.engine.graph.reconstruction][INFO] - Batch metrics loss: 0.80961, accuracy: 0.57658
[2026-08-28 04:54:49,035][watchmal.engine.graph.reconstruction][INFO] - GPU : cuda:3 | Steps : 4921/5005 | Iteration : 4921 | Batch Size : 333
[2026-08-28 04:54:49,035][watchmal.engine.graph.reconstruction][INFO] - Batch metrics loss: 0.84058, accuracy: 0.55856
[2026-08-28 04:55:00,033][watchmal.engine.graph.reconstruction][INFO] - GPU : cuda:3 | Steps : 4941/5005 | Iteration : 4941 | Batch Size : 333
[2026-08-28 04:55:00,033][watchmal.engine.graph.reconstruction][INFO] - Batch metrics loss: 0.81779, accuracy: 0.57357
[2026-08-28 04:55:11,138][watchmal.engine.graph.reconstruction][INFO] - GPU : cuda:3 | Steps : 4961/5005 | Iteration : 4961 | Batch Size : 333
[2026-08-28 04:55:11,139][watchmal.engine.graph.reconstruction][INFO] - Batch metrics loss: 0.76932, accuracy: 0.63363
[2026-08-28 04:55:22,139][watchmal.engine.graph.reconstruction][INFO] - GPU : cuda:3 | Steps : 4981/5005 | Iteration : 4981 | Batch Size : 333
[2026-08-28 04:55:22,139][watchmal.engine.graph.reconstruction][INFO] - Batch metrics loss: 0.82525, accuracy: 0.59159
[2026-08-28 04:55:33,297][watchmal.engine.graph.reconstruction][INFO] - GPU : cuda:3 | Steps : 5001/5005 | Iteration : 5001 | Batch Size : 333
[2026-08-28 04:55:33,297][watchmal.engine.graph.reconstruction][INFO] - Batch metrics loss: 0.82308, accuracy: 0.56156
[2026-08-28 04:55:36,931][watchmal.engine.graph.reconstruction][INFO] - (Train) Epoch : 1 completed in 0:47:18.407542 | Iteration : 5006 
[2026-08-28 04:55:36,931][watchmal.engine.graph.reconstruction][INFO] - Total time since the beginning of the run : 0:47:18.432107
[2026-08-28 04:55:36,932][watchmal.engine.graph.reconstruction][INFO] - Metrics over the (train) epoch loss: 1.0004, accuracy: 0.48086
[2026-08-28 04:55:36,933][watchmal.engine.graph.reconstruction][INFO] - 
[2026-08-28 04:55:36,933][watchmal.engine.graph.reconstruction][INFO] -  -- Validation epoch starting at 2026-08-28 04:55:36.933539
[2026-08-28 04:56:23,723][watchmal.engine.graph.reconstruction][INFO] -  -- Validation epoch completed in 0:00:46.789750 | Iteration : 5006
[2026-08-28 04:56:23,724][watchmal.engine.graph.reconstruction][INFO] -  -- Total time since the beginning of the run : 0:48:05.224342
[2026-08-28 04:56:23,725][watchmal.engine.graph.reconstruction][INFO] -  -- Metrics over the (val) epoch loss: 0.79605, accuracy: 0.59345
[2026-08-28 04:56:23,725][watchmal.engine.graph.reconstruction][INFO] -  ... Best validation loss so far!
[2026-08-28 04:56:23,794][watchmal.engine.base_engine][INFO] - Saved state as: ./outputs/ClassifierEngine_CheRP_BEST.pth
[2026-08-28 04:56:25,990][watchmal.engine.base_engine][INFO] - Save state on wandb
[2026-08-28 04:56:25,992][watchmal.engine.graph.reconstruction][INFO] - 

Training epoch 2/44 starting at 2026-08-28 04:56:25.992066
[2026-08-28 04:56:33,634][watchmal.engine.graph.reconstruction][INFO] - train_loader: <torch_geometric.loader.dataloader.DataLoader object at 0x7fc641694ce0>
[2026-08-28 04:56:41,368][watchmal.engine.graph.reconstruction][INFO] - GPU : cuda:3 | Steps : 1/5005 | Iteration : 5006 | Batch Size : 333
[2026-08-28 04:56:41,368][watchmal.engine.graph.reconstruction][INFO] - Batch metrics loss: 0.80847, accuracy: 0.59159
[2026-08-28 04:56:52,571][watchmal.engine.graph.reconstruction][INFO] - GPU : cuda:3 | Steps : 21/5005 | Iteration : 5026 | Batch Size : 333
[2026-08-28 04:56:52,571][watchmal.engine.graph.reconstruction][INFO] - Batch metrics loss: 0.77493, accuracy: 0.57958
[2026-08-28 04:57:03,724][watchmal.engine.graph.reconstruction][INFO] - GPU : cuda:3 | Steps : 41/5005 | Iteration : 5046 | Batch Size : 333
[2026-08-28 04:57:03,725][watchmal.engine.graph.reconstruction][INFO] - Batch metrics loss: 0.8263, accuracy: 0.56156
[2026-08-28 04:57:14,785][watchmal.engine.graph.reconstruction][INFO] - GPU : cuda:3 | Steps : 61/5005 | Iteration : 5066 | Batch Size : 333
[2026-08-28 04:57:14,786][watchmal.engine.graph.reconstruction][INFO] - Batch metrics loss: 0.80408, accuracy: 0.58258
[2026-08-28 04:57:26,037][watchmal.engine.graph.reconstruction][INFO] - GPU : cuda:3 | Steps : 81/5005 | Iteration : 5086 | Batch Size : 333
[2026-08-28 04:57:26,037][watchmal.engine.graph.reconstruction][INFO] - Batch metrics loss: 0.78021, accuracy: 0.60661
[2026-08-28 04:57:37,045][watchmal.engine.graph.reconstruction][INFO] - GPU : cuda:3 | Steps : 101/5005 | Iteration : 5106 | Batch Size : 333
[2026-08-28 04:57:37,045][watchmal.engine.graph.reconstruction][INFO] - Batch metrics loss: 0.75957, accuracy: 0.59459
[2026-08-28 04:57:48,147][watchmal.engine.graph.reconstruction][INFO] - GPU : cuda:3 | Steps : 121/5005 | Iteration : 5126 | Batch Size : 333
[2026-08-28 04:57:48,147][watchmal.engine.graph.reconstruction][INFO] - Batch metrics loss: 0.76409, accuracy: 0.61862
[2026-08-28 04:57:59,214][watchmal.engine.graph.reconstruction][INFO] - GPU : cuda:3 | Steps : 141/5005 | Iteration : 5146 | Batch Size : 333
[2026-08-28 04:57:59,215][watchmal.engine.graph.reconstruction][INFO] - Batch metrics loss: 0.8237, accuracy: 0.55255
[2026-08-28 04:58:10,359][watchmal.engine.graph.reconstruction][INFO] - GPU : cuda:3 | Steps : 161/5005 | Iteration : 5166 | Batch Size : 333
[2026-08-28 04:58:10,359][watchmal.engine.graph.reconstruction][INFO] - Batch metrics loss: 0.85452, accuracy: 0.57658
[2026-08-28 04:58:21,470][watchmal.engine.graph.reconstruction][INFO] - GPU : cuda:3 | Steps : 181/5005 | Iteration : 5186 | Batch Size : 333
[2026-08-28 04:58:21,470][watchmal.engine.graph.reconstruction][INFO] - Batch metrics loss: 0.77262, accuracy: 0.62763
[2026-08-28 04:58:32,552][watchmal.engine.graph.reconstruction][INFO] - GPU : cuda:3 | Steps : 201/5005 | Iteration : 5206 | Batch Size : 333
[2026-08-28 04:58:32,552][watchmal.engine.graph.reconstruction][INFO] - Batch metrics loss: 0.79038, accuracy: 0.58559
[2026-08-28 04:58:43,641][watchmal.engine.graph.reconstruction][INFO] - GPU : cuda:3 | Steps : 221/5005 | Iteration : 5226 | Batch Size : 333
[2026-08-28 04:58:43,641][watchmal.engine.graph.reconstruction][INFO] - Batch metrics loss: 0.83465, accuracy: 0.56757
[2026-08-28 04:58:54,738][watchmal.engine.graph.reconstruction][INFO] - GPU : cuda:3 | Steps : 241/5005 | Iteration : 5246 | Batch Size : 333
[2026-08-28 04:58:54,738][watchmal.engine.graph.reconstruction][INFO] - Batch metrics loss: 0.81491, accuracy: 0.55856
[2026-08-28 04:59:05,688][watchmal.engine.graph.reconstruction][INFO] - GPU : cuda:3 | Steps : 261/5005 | Iteration : 5266 | Batch Size : 333
[2026-08-28 04:59:05,688][watchmal.engine.graph.reconstruction][INFO] - Batch metrics loss: 0.81026, accuracy: 0.58859
[2026-08-28 04:59:16,782][watchmal.engine.graph.reconstruction][INFO] - GPU : cuda:3 | Steps : 281/5005 | Iteration : 5286 | Batch Size : 333
[2026-08-28 04:59:16,783][watchmal.engine.graph.reconstruction][INFO] - Batch metrics loss: 0.81385, accuracy: 0.6006
[2026-08-28 04:59:27,901][watchmal.engine.graph.reconstruction][INFO] - GPU : cuda:3 | Steps : 301/5005 | Iteration : 5306 | Batch Size : 333
[2026-08-28 04:59:27,902][watchmal.engine.graph.reconstruction][INFO] - Batch metrics loss: 0.77877, accuracy: 0.55556
[2026-08-28 04:59:39,005][watchmal.engine.graph.reconstruction][INFO] - GPU : cuda:3 | Steps : 321/5005 | Iteration : 5326 | Batch Size : 333
[2026-08-28 04:59:39,005][watchmal.engine.graph.reconstruction][INFO] - Batch metrics loss: 0.81493, accuracy: 0.57357
[2026-08-28 04:59:50,092][watchmal.engine.graph.reconstruction][INFO] - GPU : cuda:3 | Steps : 341/5005 | Iteration : 5346 | Batch Size : 333
[2026-08-28 04:59:50,092][watchmal.engine.graph.reconstruction][INFO] - Batch metrics loss: 0.73825, accuracy: 0.62763
[2026-08-28 05:00:01,161][watchmal.engine.graph.reconstruction][INFO] - GPU : cuda:3 | Steps : 361/5005 | Iteration : 5366 | Batch Size : 333
[2026-08-28 05:00:01,162][watchmal.engine.graph.reconstruction][INFO] - Batch metrics loss: 0.75283, accuracy: 0.6006
[2026-08-28 05:00:12,144][watchmal.engine.graph.reconstruction][INFO] - GPU : cuda:3 | Steps : 381/5005 | Iteration : 5386 | Batch Size : 333
[2026-08-28 05:00:12,145][watchmal.engine.graph.reconstruction][INFO] - Batch metrics loss: 0.79622, accuracy: 0.57958
[2026-08-28 05:00:23,392][watchmal.engine.graph.reconstruction][INFO] - GPU : cuda:3 | Steps : 401/5005 | Iteration : 5406 | Batch Size : 333
[2026-08-28 05:00:23,392][watchmal.engine.graph.reconstruction][INFO] - Batch metrics loss: 0.75538, accuracy: 0.5976
[2026-08-28 05:00:34,535][watchmal.engine.graph.reconstruction][INFO] - GPU : cuda:3 | Steps : 421/5005 | Iteration : 5426 | Batch Size : 333
[2026-08-28 05:00:34,535][watchmal.engine.graph.reconstruction][INFO] - Batch metrics loss: 0.80688, accuracy: 0.57658
[2026-08-28 05:00:45,497][watchmal.engine.graph.reconstruction][INFO] - GPU : cuda:3 | Steps : 441/5005 | Iteration : 5446 | Batch Size : 333
[2026-08-28 05:00:45,498][watchmal.engine.graph.reconstruction][INFO] - Batch metrics loss: 0.80144, accuracy: 0.54955
[2026-08-28 05:00:56,628][watchmal.engine.graph.reconstruction][INFO] - GPU : cuda:3 | Steps : 461/5005 | Iteration : 5466 | Batch Size : 333
[2026-08-28 05:00:56,629][watchmal.engine.graph.reconstruction][INFO] - Batch metrics loss: 0.82674, accuracy: 0.57057
[2026-08-28 05:01:07,814][watchmal.engine.graph.reconstruction][INFO] - GPU : cuda:3 | Steps : 481/5005 | Iteration : 5486 | Batch Size : 333
[2026-08-28 05:01:07,815][watchmal.engine.graph.reconstruction][INFO] - Batch metrics loss: 0.78728, accuracy: 0.59459
[2026-08-28 05:01:18,907][watchmal.engine.graph.reconstruction][INFO] - GPU : cuda:3 | Steps : 501/5005 | Iteration : 5506 | Batch Size : 333
[2026-08-28 05:01:18,907][watchmal.engine.graph.reconstruction][INFO] - Batch metrics loss: 0.8001, accuracy: 0.61261
[2026-08-28 05:01:30,224][watchmal.engine.graph.reconstruction][INFO] - GPU : cuda:3 | Steps : 521/5005 | Iteration : 5526 | Batch Size : 333
[2026-08-28 05:01:30,224][watchmal.engine.graph.reconstruction][INFO] - Batch metrics loss: 0.73415, accuracy: 0.6036
[2026-08-28 05:01:41,196][watchmal.engine.graph.reconstruction][INFO] - GPU : cuda:3 | Steps : 541/5005 | Iteration : 5546 | Batch Size : 333
[2026-08-28 05:01:41,197][watchmal.engine.graph.reconstruction][INFO] - Batch metrics loss: 0.81066, accuracy: 0.58559
[2026-08-28 05:01:52,285][watchmal.engine.graph.reconstruction][INFO] - GPU : cuda:3 | Steps : 561/5005 | Iteration : 5566 | Batch Size : 333
[2026-08-28 05:01:52,286][watchmal.engine.graph.reconstruction][INFO] - Batch metrics loss: 0.78707, accuracy: 0.6006
[2026-08-28 05:02:03,606][watchmal.engine.graph.reconstruction][INFO] - GPU : cuda:3 | Steps : 581/5005 | Iteration : 5586 | Batch Size : 333
[2026-08-28 05:02:03,607][watchmal.engine.graph.reconstruction][INFO] - Batch metrics loss: 0.80522, accuracy: 0.57958
[2026-08-28 05:02:14,705][watchmal.engine.graph.reconstruction][INFO] - GPU : cuda:3 | Steps : 601/5005 | Iteration : 5606 | Batch Size : 333
[2026-08-28 05:02:14,705][watchmal.engine.graph.reconstruction][INFO] - Batch metrics loss: 0.75743, accuracy: 0.57958
[2026-08-28 05:02:25,860][watchmal.engine.graph.reconstruction][INFO] - GPU : cuda:3 | Steps : 621/5005 | Iteration : 5626 | Batch Size : 333
[2026-08-28 05:02:25,860][watchmal.engine.graph.reconstruction][INFO] - Batch metrics loss: 0.83534, accuracy: 0.57658
[2026-08-28 05:02:37,026][watchmal.engine.graph.reconstruction][INFO] - GPU : cuda:3 | Steps : 641/5005 | Iteration : 5646 | Batch Size : 333
[2026-08-28 05:02:37,027][watchmal.engine.graph.reconstruction][INFO] - Batch metrics loss: 0.8455, accuracy: 0.54354
[2026-08-28 05:02:48,177][watchmal.engine.graph.reconstruction][INFO] - GPU : cuda:3 | Steps : 661/5005 | Iteration : 5666 | Batch Size : 333
[2026-08-28 05:02:48,177][watchmal.engine.graph.reconstruction][INFO] - Batch metrics loss: 0.79977, accuracy: 0.57958
[2026-08-28 05:02:59,369][watchmal.engine.graph.reconstruction][INFO] - GPU : cuda:3 | Steps : 681/5005 | Iteration : 5686 | Batch Size : 333
[2026-08-28 05:02:59,370][watchmal.engine.graph.reconstruction][INFO] - Batch metrics loss: 0.76769, accuracy: 0.6006
[2026-08-28 05:03:10,507][watchmal.engine.graph.reconstruction][INFO] - GPU : cuda:3 | Steps : 701/5005 | Iteration : 5706 | Batch Size : 333
[2026-08-28 05:03:10,508][watchmal.engine.graph.reconstruction][INFO] - Batch metrics loss: 0.79197, accuracy: 0.58859
[2026-08-28 05:03:21,903][watchmal.engine.graph.reconstruction][INFO] - GPU : cuda:3 | Steps : 721/5005 | Iteration : 5726 | Batch Size : 333
[2026-08-28 05:03:21,903][watchmal.engine.graph.reconstruction][INFO] - Batch metrics loss: 0.81905, accuracy: 0.57057
[2026-08-28 05:03:33,054][watchmal.engine.graph.reconstruction][INFO] - GPU : cuda:3 | Steps : 741/5005 | Iteration : 5746 | Batch Size : 333
[2026-08-28 05:03:33,054][watchmal.engine.graph.reconstruction][INFO] - Batch metrics loss: 0.80671, accuracy: 0.5976
[2026-08-28 05:03:44,386][watchmal.engine.graph.reconstruction][INFO] - GPU : cuda:3 | Steps : 761/5005 | Iteration : 5766 | Batch Size : 333
[2026-08-28 05:03:44,386][watchmal.engine.graph.reconstruction][INFO] - Batch metrics loss: 0.81232, accuracy: 0.58859
[2026-08-28 05:03:55,904][watchmal.engine.graph.reconstruction][INFO] - GPU : cuda:3 | Steps : 781/5005 | Iteration : 5786 | Batch Size : 333
[2026-08-28 05:03:55,905][watchmal.engine.graph.reconstruction][INFO] - Batch metrics loss: 0.82721, accuracy: 0.55856
[2026-08-28 05:04:07,225][watchmal.engine.graph.reconstruction][INFO] - GPU : cuda:3 | Steps : 801/5005 | Iteration : 5806 | Batch Size : 333
[2026-08-28 05:04:07,225][watchmal.engine.graph.reconstruction][INFO] - Batch metrics loss: 0.80286, accuracy: 0.6036
[2026-08-28 05:04:18,417][watchmal.engine.graph.reconstruction][INFO] - GPU : cuda:3 | Steps : 821/5005 | Iteration : 5826 | Batch Size : 333
[2026-08-28 05:04:18,418][watchmal.engine.graph.reconstruction][INFO] - Batch metrics loss: 0.77997, accuracy: 0.61562
[2026-08-28 05:04:29,754][watchmal.engine.graph.reconstruction][INFO] - GPU : cuda:3 | Steps : 841/5005 | Iteration : 5846 | Batch Size : 333
[2026-08-28 05:04:29,754][watchmal.engine.graph.reconstruction][INFO] - Batch metrics loss: 0.78427, accuracy: 0.62162
[2026-08-28 05:04:40,764][watchmal.engine.graph.reconstruction][INFO] - GPU : cuda:3 | Steps : 861/5005 | Iteration : 5866 | Batch Size : 333
[2026-08-28 05:04:40,764][watchmal.engine.graph.reconstruction][INFO] - Batch metrics loss: 0.84399, accuracy: 0.55255
[2026-08-28 05:04:52,131][watchmal.engine.graph.reconstruction][INFO] - GPU : cuda:3 | Steps : 881/5005 | Iteration : 5886 | Batch Size : 333
[2026-08-28 05:04:52,132][watchmal.engine.graph.reconstruction][INFO] - Batch metrics loss: 0.73762, accuracy: 0.59159
[2026-08-28 05:05:03,246][watchmal.engine.graph.reconstruction][INFO] - GPU : cuda:3 | Steps : 901/5005 | Iteration : 5906 | Batch Size : 333
[2026-08-28 05:05:03,246][watchmal.engine.graph.reconstruction][INFO] - Batch metrics loss: 0.79857, accuracy: 0.60961
[2026-08-28 05:05:14,684][watchmal.engine.graph.reconstruction][INFO] - GPU : cuda:3 | Steps : 921/5005 | Iteration : 5926 | Batch Size : 333
[2026-08-28 05:05:14,684][watchmal.engine.graph.reconstruction][INFO] - Batch metrics loss: 0.79247, accuracy: 0.55856
[2026-08-28 05:05:25,798][watchmal.engine.graph.reconstruction][INFO] - GPU : cuda:3 | Steps : 941/5005 | Iteration : 5946 | Batch Size : 333
[2026-08-28 05:05:25,798][watchmal.engine.graph.reconstruction][INFO] - Batch metrics loss: 0.77303, accuracy: 0.62462
[2026-08-28 05:05:37,087][watchmal.engine.graph.reconstruction][INFO] - GPU : cuda:3 | Steps : 961/5005 | Iteration : 5966 | Batch Size : 333
[2026-08-28 05:05:37,087][watchmal.engine.graph.reconstruction][INFO] - Batch metrics loss: 0.78783, accuracy: 0.61562
[2026-08-28 05:05:48,190][watchmal.engine.graph.reconstruction][INFO] - GPU : cuda:3 | Steps : 981/5005 | Iteration : 5986 | Batch Size : 333
[2026-08-28 05:05:48,191][watchmal.engine.graph.reconstruction][INFO] - Batch metrics loss: 0.79478, accuracy: 0.6006
[2026-08-28 05:05:59,322][watchmal.engine.graph.reconstruction][INFO] - GPU : cuda:3 | Steps : 1001/5005 | Iteration : 6006 | Batch Size : 333
[2026-08-28 05:05:59,323][watchmal.engine.graph.reconstruction][INFO] - Batch metrics loss: 0.7887, accuracy: 0.61862
[2026-08-28 05:06:10,357][watchmal.engine.graph.reconstruction][INFO] - GPU : cuda:3 | Steps : 1021/5005 | Iteration : 6026 | Batch Size : 333
[2026-08-28 05:06:10,358][watchmal.engine.graph.reconstruction][INFO] - Batch metrics loss: 0.81296, accuracy: 0.59159
[2026-08-28 05:06:21,441][watchmal.engine.graph.reconstruction][INFO] - GPU : cuda:3 | Steps : 1041/5005 | Iteration : 6046 | Batch Size : 333
[2026-08-28 05:06:21,441][watchmal.engine.graph.reconstruction][INFO] - Batch metrics loss: 0.78313, accuracy: 0.63063
[2026-08-28 05:06:32,664][watchmal.engine.graph.reconstruction][INFO] - GPU : cuda:3 | Steps : 1061/5005 | Iteration : 6066 | Batch Size : 333
[2026-08-28 05:06:32,664][watchmal.engine.graph.reconstruction][INFO] - Batch metrics loss: 0.78485, accuracy: 0.58559
[2026-08-28 05:06:43,732][watchmal.engine.graph.reconstruction][INFO] - GPU : cuda:3 | Steps : 1081/5005 | Iteration : 6086 | Batch Size : 333
[2026-08-28 05:06:43,732][watchmal.engine.graph.reconstruction][INFO] - Batch metrics loss: 0.81374, accuracy: 0.61562
[2026-08-28 05:06:54,856][watchmal.engine.graph.reconstruction][INFO] - GPU : cuda:3 | Steps : 1101/5005 | Iteration : 6106 | Batch Size : 333
[2026-08-28 05:06:54,856][watchmal.engine.graph.reconstruction][INFO] - Batch metrics loss: 0.82314, accuracy: 0.57958
[2026-08-28 05:07:06,156][watchmal.engine.graph.reconstruction][INFO] - GPU : cuda:3 | Steps : 1121/5005 | Iteration : 6126 | Batch Size : 333
[2026-08-28 05:07:06,157][watchmal.engine.graph.reconstruction][INFO] - Batch metrics loss: 0.772, accuracy: 0.62162
[2026-08-28 05:07:17,259][watchmal.engine.graph.reconstruction][INFO] - GPU : cuda:3 | Steps : 1141/5005 | Iteration : 6146 | Batch Size : 333
[2026-08-28 05:07:17,260][watchmal.engine.graph.reconstruction][INFO] - Batch metrics loss: 0.8368, accuracy: 0.53453
[2026-08-28 05:07:28,373][watchmal.engine.graph.reconstruction][INFO] - GPU : cuda:3 | Steps : 1161/5005 | Iteration : 6166 | Batch Size : 333
[2026-08-28 05:07:28,374][watchmal.engine.graph.reconstruction][INFO] - Batch metrics loss: 0.81857, accuracy: 0.55255
[2026-08-28 05:07:39,653][watchmal.engine.graph.reconstruction][INFO] - GPU : cuda:3 | Steps : 1181/5005 | Iteration : 6186 | Batch Size : 333
[2026-08-28 05:07:39,653][watchmal.engine.graph.reconstruction][INFO] - Batch metrics loss: 0.78854, accuracy: 0.61562
[2026-08-28 05:07:51,003][watchmal.engine.graph.reconstruction][INFO] - GPU : cuda:3 | Steps : 1201/5005 | Iteration : 6206 | Batch Size : 333
[2026-08-28 05:07:51,003][watchmal.engine.graph.reconstruction][INFO] - Batch metrics loss: 0.77017, accuracy: 0.59459
[2026-08-28 05:08:02,069][watchmal.engine.graph.reconstruction][INFO] - GPU : cuda:3 | Steps : 1221/5005 | Iteration : 6226 | Batch Size : 333
[2026-08-28 05:08:02,070][watchmal.engine.graph.reconstruction][INFO] - Batch metrics loss: 0.8166, accuracy: 0.57958
[2026-08-28 05:08:13,244][watchmal.engine.graph.reconstruction][INFO] - GPU : cuda:3 | Steps : 1241/5005 | Iteration : 6246 | Batch Size : 333
[2026-08-28 05:08:13,245][watchmal.engine.graph.reconstruction][INFO] - Batch metrics loss: 0.76487, accuracy: 0.59159
[2026-08-28 05:08:24,648][watchmal.engine.graph.reconstruction][INFO] - GPU : cuda:3 | Steps : 1261/5005 | Iteration : 6266 | Batch Size : 333
[2026-08-28 05:08:24,649][watchmal.engine.graph.reconstruction][INFO] - Batch metrics loss: 0.80789, accuracy: 0.59459
[2026-08-28 05:08:35,749][watchmal.engine.graph.reconstruction][INFO] - GPU : cuda:3 | Steps : 1281/5005 | Iteration : 6286 | Batch Size : 333
[2026-08-28 05:08:35,749][watchmal.engine.graph.reconstruction][INFO] - Batch metrics loss: 0.74627, accuracy: 0.61261
[2026-08-28 05:08:47,152][watchmal.engine.graph.reconstruction][INFO] - GPU : cuda:3 | Steps : 1301/5005 | Iteration : 6306 | Batch Size : 333
[2026-08-28 05:08:47,153][watchmal.engine.graph.reconstruction][INFO] - Batch metrics loss: 0.78513, accuracy: 0.61862
[2026-08-28 05:08:58,441][watchmal.engine.graph.reconstruction][INFO] - GPU : cuda:3 | Steps : 1321/5005 | Iteration : 6326 | Batch Size : 333
[2026-08-28 05:08:58,441][watchmal.engine.graph.reconstruction][INFO] - Batch metrics loss: 0.76668, accuracy: 0.60661
[2026-08-28 05:09:09,726][watchmal.engine.graph.reconstruction][INFO] - GPU : cuda:3 | Steps : 1341/5005 | Iteration : 6346 | Batch Size : 333
[2026-08-28 05:09:09,727][watchmal.engine.graph.reconstruction][INFO] - Batch metrics loss: 0.81293, accuracy: 0.59459
[2026-08-28 05:09:20,797][watchmal.engine.graph.reconstruction][INFO] - GPU : cuda:3 | Steps : 1361/5005 | Iteration : 6366 | Batch Size : 333
[2026-08-28 05:09:20,798][watchmal.engine.graph.reconstruction][INFO] - Batch metrics loss: 0.75182, accuracy: 0.62162
[2026-08-28 05:09:31,861][watchmal.engine.graph.reconstruction][INFO] - GPU : cuda:3 | Steps : 1381/5005 | Iteration : 6386 | Batch Size : 333
[2026-08-28 05:09:31,861][watchmal.engine.graph.reconstruction][INFO] - Batch metrics loss: 0.79504, accuracy: 0.59159
[2026-08-28 05:09:43,184][watchmal.engine.graph.reconstruction][INFO] - GPU : cuda:3 | Steps : 1401/5005 | Iteration : 6406 | Batch Size : 333
[2026-08-28 05:09:43,184][watchmal.engine.graph.reconstruction][INFO] - Batch metrics loss: 0.73812, accuracy: 0.66066
[2026-08-28 05:09:54,287][watchmal.engine.graph.reconstruction][INFO] - GPU : cuda:3 | Steps : 1421/5005 | Iteration : 6426 | Batch Size : 333
[2026-08-28 05:09:54,287][watchmal.engine.graph.reconstruction][INFO] - Batch metrics loss: 0.75088, accuracy: 0.59459
[2026-08-28 05:10:05,836][watchmal.engine.graph.reconstruction][INFO] - GPU : cuda:3 | Steps : 1441/5005 | Iteration : 6446 | Batch Size : 333
[2026-08-28 05:10:05,836][watchmal.engine.graph.reconstruction][INFO] - Batch metrics loss: 0.75523, accuracy: 0.6006
[2026-08-28 05:10:17,059][watchmal.engine.graph.reconstruction][INFO] - GPU : cuda:3 | Steps : 1461/5005 | Iteration : 6466 | Batch Size : 333
[2026-08-28 05:10:17,060][watchmal.engine.graph.reconstruction][INFO] - Batch metrics loss: 0.81914, accuracy: 0.54955
[2026-08-28 05:10:28,320][watchmal.engine.graph.reconstruction][INFO] - GPU : cuda:3 | Steps : 1481/5005 | Iteration : 6486 | Batch Size : 333
[2026-08-28 05:10:28,320][watchmal.engine.graph.reconstruction][INFO] - Batch metrics loss: 0.73141, accuracy: 0.64264
[2026-08-28 05:10:39,540][watchmal.engine.graph.reconstruction][INFO] - GPU : cuda:3 | Steps : 1501/5005 | Iteration : 6506 | Batch Size : 333
[2026-08-28 05:10:39,541][watchmal.engine.graph.reconstruction][INFO] - Batch metrics loss: 0.75883, accuracy: 0.59459
[2026-08-28 05:10:50,647][watchmal.engine.graph.reconstruction][INFO] - GPU : cuda:3 | Steps : 1521/5005 | Iteration : 6526 | Batch Size : 333
[2026-08-28 05:10:50,648][watchmal.engine.graph.reconstruction][INFO] - Batch metrics loss: 0.81549, accuracy: 0.59159
[2026-08-28 05:11:01,735][watchmal.engine.graph.reconstruction][INFO] - GPU : cuda:3 | Steps : 1541/5005 | Iteration : 6546 | Batch Size : 333
[2026-08-28 05:11:01,735][watchmal.engine.graph.reconstruction][INFO] - Batch metrics loss: 0.78285, accuracy: 0.58258
[2026-08-28 05:11:12,827][watchmal.engine.graph.reconstruction][INFO] - GPU : cuda:3 | Steps : 1561/5005 | Iteration : 6566 | Batch Size : 333
[2026-08-28 05:11:12,828][watchmal.engine.graph.reconstruction][INFO] - Batch metrics loss: 0.79953, accuracy: 0.59459
[2026-08-28 05:11:23,952][watchmal.engine.graph.reconstruction][INFO] - GPU : cuda:3 | Steps : 1581/5005 | Iteration : 6586 | Batch Size : 333
[2026-08-28 05:11:23,952][watchmal.engine.graph.reconstruction][INFO] - Batch metrics loss: 0.73889, accuracy: 0.64565
[2026-08-28 05:11:35,037][watchmal.engine.graph.reconstruction][INFO] - GPU : cuda:3 | Steps : 1601/5005 | Iteration : 6606 | Batch Size : 333
[2026-08-28 05:11:35,038][watchmal.engine.graph.reconstruction][INFO] - Batch metrics loss: 0.77503, accuracy: 0.61862
[2026-08-28 05:11:46,133][watchmal.engine.graph.reconstruction][INFO] - GPU : cuda:3 | Steps : 1621/5005 | Iteration : 6626 | Batch Size : 333
[2026-08-28 05:11:46,134][watchmal.engine.graph.reconstruction][INFO] - Batch metrics loss: 0.85615, accuracy: 0.55856
[2026-08-28 05:11:57,527][watchmal.engine.graph.reconstruction][INFO] - GPU : cuda:3 | Steps : 1641/5005 | Iteration : 6646 | Batch Size : 333
[2026-08-28 05:11:57,527][watchmal.engine.graph.reconstruction][INFO] - Batch metrics loss: 0.73586, accuracy: 0.63664
[2026-08-28 05:12:08,838][watchmal.engine.graph.reconstruction][INFO] - GPU : cuda:3 | Steps : 1661/5005 | Iteration : 6666 | Batch Size : 333
[2026-08-28 05:12:08,838][watchmal.engine.graph.reconstruction][INFO] - Batch metrics loss: 0.74391, accuracy: 0.56757
[2026-08-28 05:12:19,899][watchmal.engine.graph.reconstruction][INFO] - GPU : cuda:3 | Steps : 1681/5005 | Iteration : 6686 | Batch Size : 333
[2026-08-28 05:12:19,900][watchmal.engine.graph.reconstruction][INFO] - Batch metrics loss: 0.78338, accuracy: 0.6036
[2026-08-28 05:12:30,988][watchmal.engine.graph.reconstruction][INFO] - GPU : cuda:3 | Steps : 1701/5005 | Iteration : 6706 | Batch Size : 333
[2026-08-28 05:12:30,989][watchmal.engine.graph.reconstruction][INFO] - Batch metrics loss: 0.76705, accuracy: 0.59159
[2026-08-28 05:12:42,116][watchmal.engine.graph.reconstruction][INFO] - GPU : cuda:3 | Steps : 1721/5005 | Iteration : 6726 | Batch Size : 333
[2026-08-28 05:12:42,117][watchmal.engine.graph.reconstruction][INFO] - Batch metrics loss: 0.78597, accuracy: 0.6036
[2026-08-28 05:12:53,165][watchmal.engine.graph.reconstruction][INFO] - GPU : cuda:3 | Steps : 1741/5005 | Iteration : 6746 | Batch Size : 333
[2026-08-28 05:12:53,166][watchmal.engine.graph.reconstruction][INFO] - Batch metrics loss: 0.75038, accuracy: 0.62462
[2026-08-28 05:13:04,173][watchmal.engine.graph.reconstruction][INFO] - GPU : cuda:3 | Steps : 1761/5005 | Iteration : 6766 | Batch Size : 333
[2026-08-28 05:13:04,173][watchmal.engine.graph.reconstruction][INFO] - Batch metrics loss: 0.80314, accuracy: 0.57958
[2026-08-28 05:13:15,370][watchmal.engine.graph.reconstruction][INFO] - GPU : cuda:3 | Steps : 1781/5005 | Iteration : 6786 | Batch Size : 333
[2026-08-28 05:13:15,370][watchmal.engine.graph.reconstruction][INFO] - Batch metrics loss: 0.85576, accuracy: 0.55556
[2026-08-28 05:13:26,424][watchmal.engine.graph.reconstruction][INFO] - GPU : cuda:3 | Steps : 1801/5005 | Iteration : 6806 | Batch Size : 333
[2026-08-28 05:13:26,424][watchmal.engine.graph.reconstruction][INFO] - Batch metrics loss: 0.74049, accuracy: 0.62763
[2026-08-28 05:13:37,457][watchmal.engine.graph.reconstruction][INFO] - GPU : cuda:3 | Steps : 1821/5005 | Iteration : 6826 | Batch Size : 333
[2026-08-28 05:13:37,457][watchmal.engine.graph.reconstruction][INFO] - Batch metrics loss: 0.7968, accuracy: 0.58559
[2026-08-28 05:13:48,561][watchmal.engine.graph.reconstruction][INFO] - GPU : cuda:3 | Steps : 1841/5005 | Iteration : 6846 | Batch Size : 333
[2026-08-28 05:13:48,562][watchmal.engine.graph.reconstruction][INFO] - Batch metrics loss: 0.75975, accuracy: 0.6006
[2026-08-28 05:13:59,664][watchmal.engine.graph.reconstruction][INFO] - GPU : cuda:3 | Steps : 1861/5005 | Iteration : 6866 | Batch Size : 333
[2026-08-28 05:13:59,665][watchmal.engine.graph.reconstruction][INFO] - Batch metrics loss: 0.70699, accuracy: 0.62462
[2026-08-28 05:14:10,761][watchmal.engine.graph.reconstruction][INFO] - GPU : cuda:3 | Steps : 1881/5005 | Iteration : 6886 | Batch Size : 333
[2026-08-28 05:14:10,761][watchmal.engine.graph.reconstruction][INFO] - Batch metrics loss: 0.80664, accuracy: 0.57958
[2026-08-28 05:14:21,748][watchmal.engine.graph.reconstruction][INFO] - GPU : cuda:3 | Steps : 1901/5005 | Iteration : 6906 | Batch Size : 333
[2026-08-28 05:14:21,749][watchmal.engine.graph.reconstruction][INFO] - Batch metrics loss: 0.74969, accuracy: 0.64565
[2026-08-28 05:14:32,850][watchmal.engine.graph.reconstruction][INFO] - GPU : cuda:3 | Steps : 1921/5005 | Iteration : 6926 | Batch Size : 333
[2026-08-28 05:14:32,850][watchmal.engine.graph.reconstruction][INFO] - Batch metrics loss: 0.78173, accuracy: 0.61261
[2026-08-28 05:14:43,810][watchmal.engine.graph.reconstruction][INFO] - GPU : cuda:3 | Steps : 1941/5005 | Iteration : 6946 | Batch Size : 333
[2026-08-28 05:14:43,810][watchmal.engine.graph.reconstruction][INFO] - Batch metrics loss: 0.72067, accuracy: 0.63363
[2026-08-28 05:14:54,992][watchmal.engine.graph.reconstruction][INFO] - GPU : cuda:3 | Steps : 1961/5005 | Iteration : 6966 | Batch Size : 333
[2026-08-28 05:14:54,993][watchmal.engine.graph.reconstruction][INFO] - Batch metrics loss: 0.84719, accuracy: 0.56156
[2026-08-28 05:15:06,090][watchmal.engine.graph.reconstruction][INFO] - GPU : cuda:3 | Steps : 1981/5005 | Iteration : 6986 | Batch Size : 333
[2026-08-28 05:15:06,091][watchmal.engine.graph.reconstruction][INFO] - Batch metrics loss: 0.8009, accuracy: 0.58559
[2026-08-28 05:15:17,108][watchmal.engine.graph.reconstruction][INFO] - GPU : cuda:3 | Steps : 2001/5005 | Iteration : 7006 | Batch Size : 333
[2026-08-28 05:15:17,108][watchmal.engine.graph.reconstruction][INFO] - Batch metrics loss: 0.80465, accuracy: 0.57057
[2026-08-28 05:15:28,259][watchmal.engine.graph.reconstruction][INFO] - GPU : cuda:3 | Steps : 2021/5005 | Iteration : 7026 | Batch Size : 333
[2026-08-28 05:15:28,259][watchmal.engine.graph.reconstruction][INFO] - Batch metrics loss: 0.78714, accuracy: 0.55255
[2026-08-28 05:15:39,348][watchmal.engine.graph.reconstruction][INFO] - GPU : cuda:3 | Steps : 2041/5005 | Iteration : 7046 | Batch Size : 333
[2026-08-28 05:15:39,348][watchmal.engine.graph.reconstruction][INFO] - Batch metrics loss: 0.81557, accuracy: 0.56156
[2026-08-28 05:15:50,424][watchmal.engine.graph.reconstruction][INFO] - GPU : cuda:3 | Steps : 2061/5005 | Iteration : 7066 | Batch Size : 333
[2026-08-28 05:15:50,425][watchmal.engine.graph.reconstruction][INFO] - Batch metrics loss: 0.81996, accuracy: 0.56156
[2026-08-28 05:16:01,522][watchmal.engine.graph.reconstruction][INFO] - GPU : cuda:3 | Steps : 2081/5005 | Iteration : 7086 | Batch Size : 333
[2026-08-28 05:16:01,522][watchmal.engine.graph.reconstruction][INFO] - Batch metrics loss: 0.74191, accuracy: 0.63063
[2026-08-28 05:16:13,090][watchmal.engine.graph.reconstruction][INFO] - GPU : cuda:3 | Steps : 2101/5005 | Iteration : 7106 | Batch Size : 333
[2026-08-28 05:16:13,090][watchmal.engine.graph.reconstruction][INFO] - Batch metrics loss: 0.75228, accuracy: 0.63363
[2026-08-28 05:16:24,256][watchmal.engine.graph.reconstruction][INFO] - GPU : cuda:3 | Steps : 2121/5005 | Iteration : 7126 | Batch Size : 333
[2026-08-28 05:16:24,256][watchmal.engine.graph.reconstruction][INFO] - Batch metrics loss: 0.76057, accuracy: 0.62462
[2026-08-28 05:16:35,325][watchmal.engine.graph.reconstruction][INFO] - GPU : cuda:3 | Steps : 2141/5005 | Iteration : 7146 | Batch Size : 333
[2026-08-28 05:16:35,326][watchmal.engine.graph.reconstruction][INFO] - Batch metrics loss: 0.75865, accuracy: 0.64565
[2026-08-28 05:16:46,416][watchmal.engine.graph.reconstruction][INFO] - GPU : cuda:3 | Steps : 2161/5005 | Iteration : 7166 | Batch Size : 333
[2026-08-28 05:16:46,417][watchmal.engine.graph.reconstruction][INFO] - Batch metrics loss: 0.82028, accuracy: 0.57958
[2026-08-28 05:16:57,535][watchmal.engine.graph.reconstruction][INFO] - GPU : cuda:3 | Steps : 2181/5005 | Iteration : 7186 | Batch Size : 333
[2026-08-28 05:16:57,535][watchmal.engine.graph.reconstruction][INFO] - Batch metrics loss: 0.82925, accuracy: 0.59459
[2026-08-28 05:17:08,645][watchmal.engine.graph.reconstruction][INFO] - GPU : cuda:3 | Steps : 2201/5005 | Iteration : 7206 | Batch Size : 333
[2026-08-28 05:17:08,645][watchmal.engine.graph.reconstruction][INFO] - Batch metrics loss: 0.76015, accuracy: 0.57658
[2026-08-28 05:17:19,692][watchmal.engine.graph.reconstruction][INFO] - GPU : cuda:3 | Steps : 2221/5005 | Iteration : 7226 | Batch Size : 333
[2026-08-28 05:17:19,692][watchmal.engine.graph.reconstruction][INFO] - Batch metrics loss: 0.79371, accuracy: 0.55255
[2026-08-28 05:17:30,658][watchmal.engine.graph.reconstruction][INFO] - GPU : cuda:3 | Steps : 2241/5005 | Iteration : 7246 | Batch Size : 333
[2026-08-28 05:17:30,658][watchmal.engine.graph.reconstruction][INFO] - Batch metrics loss: 0.77879, accuracy: 0.63363
[2026-08-28 05:17:41,716][watchmal.engine.graph.reconstruction][INFO] - GPU : cuda:3 | Steps : 2261/5005 | Iteration : 7266 | Batch Size : 333
[2026-08-28 05:17:41,716][watchmal.engine.graph.reconstruction][INFO] - Batch metrics loss: 0.81962, accuracy: 0.56757
[2026-08-28 05:17:52,741][watchmal.engine.graph.reconstruction][INFO] - GPU : cuda:3 | Steps : 2281/5005 | Iteration : 7286 | Batch Size : 333
[2026-08-28 05:17:52,741][watchmal.engine.graph.reconstruction][INFO] - Batch metrics loss: 0.79132, accuracy: 0.57658
[2026-08-28 05:18:03,735][watchmal.engine.graph.reconstruction][INFO] - GPU : cuda:3 | Steps : 2301/5005 | Iteration : 7306 | Batch Size : 333
[2026-08-28 05:18:03,735][watchmal.engine.graph.reconstruction][INFO] - Batch metrics loss: 0.77945, accuracy: 0.60661
[2026-08-28 05:18:14,847][watchmal.engine.graph.reconstruction][INFO] - GPU : cuda:3 | Steps : 2321/5005 | Iteration : 7326 | Batch Size : 333
[2026-08-28 05:18:14,847][watchmal.engine.graph.reconstruction][INFO] - Batch metrics loss: 0.78995, accuracy: 0.57658
[2026-08-28 05:18:25,974][watchmal.engine.graph.reconstruction][INFO] - GPU : cuda:3 | Steps : 2341/5005 | Iteration : 7346 | Batch Size : 333
[2026-08-28 05:18:25,975][watchmal.engine.graph.reconstruction][INFO] - Batch metrics loss: 0.7821, accuracy: 0.60661
[2026-08-28 05:18:37,074][watchmal.engine.graph.reconstruction][INFO] - GPU : cuda:3 | Steps : 2361/5005 | Iteration : 7366 | Batch Size : 333
[2026-08-28 05:18:37,075][watchmal.engine.graph.reconstruction][INFO] - Batch metrics loss: 0.81242, accuracy: 0.57658
[2026-08-28 05:18:48,186][watchmal.engine.graph.reconstruction][INFO] - GPU : cuda:3 | Steps : 2381/5005 | Iteration : 7386 | Batch Size : 333
[2026-08-28 05:18:48,186][watchmal.engine.graph.reconstruction][INFO] - Batch metrics loss: 0.81083, accuracy: 0.58559
[2026-08-28 05:18:59,361][watchmal.engine.graph.reconstruction][INFO] - GPU : cuda:3 | Steps : 2401/5005 | Iteration : 7406 | Batch Size : 333
[2026-08-28 05:18:59,362][watchmal.engine.graph.reconstruction][INFO] - Batch metrics loss: 0.79267, accuracy: 0.60661
[2026-08-28 05:19:10,410][watchmal.engine.graph.reconstruction][INFO] - GPU : cuda:3 | Steps : 2421/5005 | Iteration : 7426 | Batch Size : 333
[2026-08-28 05:19:10,410][watchmal.engine.graph.reconstruction][INFO] - Batch metrics loss: 0.81033, accuracy: 0.57057
[2026-08-28 05:19:21,516][watchmal.engine.graph.reconstruction][INFO] - GPU : cuda:3 | Steps : 2441/5005 | Iteration : 7446 | Batch Size : 333
[2026-08-28 05:19:21,516][watchmal.engine.graph.reconstruction][INFO] - Batch metrics loss: 0.76758, accuracy: 0.60661
[2026-08-28 05:19:32,780][watchmal.engine.graph.reconstruction][INFO] - GPU : cuda:3 | Steps : 2461/5005 | Iteration : 7466 | Batch Size : 333
[2026-08-28 05:19:32,781][watchmal.engine.graph.reconstruction][INFO] - Batch metrics loss: 0.74611, accuracy: 0.58559
[2026-08-28 05:19:43,856][watchmal.engine.graph.reconstruction][INFO] - GPU : cuda:3 | Steps : 2481/5005 | Iteration : 7486 | Batch Size : 333
[2026-08-28 05:19:43,856][watchmal.engine.graph.reconstruction][INFO] - Batch metrics loss: 0.77024, accuracy: 0.60661
[2026-08-28 05:19:55,085][watchmal.engine.graph.reconstruction][INFO] - GPU : cuda:3 | Steps : 2501/5005 | Iteration : 7506 | Batch Size : 333
[2026-08-28 05:19:55,086][watchmal.engine.graph.reconstruction][INFO] - Batch metrics loss: 0.78519, accuracy: 0.60661
[2026-08-28 05:20:06,207][watchmal.engine.graph.reconstruction][INFO] - GPU : cuda:3 | Steps : 2521/5005 | Iteration : 7526 | Batch Size : 333
[2026-08-28 05:20:06,207][watchmal.engine.graph.reconstruction][INFO] - Batch metrics loss: 0.75485, accuracy: 0.59159
[2026-08-28 05:20:17,648][watchmal.engine.graph.reconstruction][INFO] - GPU : cuda:3 | Steps : 2541/5005 | Iteration : 7546 | Batch Size : 333
[2026-08-28 05:20:17,648][watchmal.engine.graph.reconstruction][INFO] - Batch metrics loss: 0.80751, accuracy: 0.58859
[2026-08-28 05:20:28,787][watchmal.engine.graph.reconstruction][INFO] - GPU : cuda:3 | Steps : 2561/5005 | Iteration : 7566 | Batch Size : 333
[2026-08-28 05:20:28,788][watchmal.engine.graph.reconstruction][INFO] - Batch metrics loss: 0.79358, accuracy: 0.59159
[2026-08-28 05:20:39,804][watchmal.engine.graph.reconstruction][INFO] - GPU : cuda:3 | Steps : 2581/5005 | Iteration : 7586 | Batch Size : 333
[2026-08-28 05:20:39,804][watchmal.engine.graph.reconstruction][INFO] - Batch metrics loss: 0.78369, accuracy: 0.57357
[2026-08-28 05:20:51,045][watchmal.engine.graph.reconstruction][INFO] - GPU : cuda:3 | Steps : 2601/5005 | Iteration : 7606 | Batch Size : 333
[2026-08-28 05:20:51,045][watchmal.engine.graph.reconstruction][INFO] - Batch metrics loss: 0.73652, accuracy: 0.61261
[2026-08-28 05:21:02,068][watchmal.engine.graph.reconstruction][INFO] - GPU : cuda:3 | Steps : 2621/5005 | Iteration : 7626 | Batch Size : 333
[2026-08-28 05:21:02,068][watchmal.engine.graph.reconstruction][INFO] - Batch metrics loss: 0.81013, accuracy: 0.57958
[2026-08-28 05:21:13,352][watchmal.engine.graph.reconstruction][INFO] - GPU : cuda:3 | Steps : 2641/5005 | Iteration : 7646 | Batch Size : 333
[2026-08-28 05:21:13,353][watchmal.engine.graph.reconstruction][INFO] - Batch metrics loss: 0.77263, accuracy: 0.61562
[2026-08-28 05:21:24,350][watchmal.engine.graph.reconstruction][INFO] - GPU : cuda:3 | Steps : 2661/5005 | Iteration : 7666 | Batch Size : 333
[2026-08-28 05:21:24,350][watchmal.engine.graph.reconstruction][INFO] - Batch metrics loss: 0.78536, accuracy: 0.58859
[2026-08-28 05:21:35,794][watchmal.engine.graph.reconstruction][INFO] - GPU : cuda:3 | Steps : 2681/5005 | Iteration : 7686 | Batch Size : 333
[2026-08-28 05:21:35,794][watchmal.engine.graph.reconstruction][INFO] - Batch metrics loss: 0.72341, accuracy: 0.59459
[2026-08-28 05:21:46,898][watchmal.engine.graph.reconstruction][INFO] - GPU : cuda:3 | Steps : 2701/5005 | Iteration : 7706 | Batch Size : 333
[2026-08-28 05:21:46,899][watchmal.engine.graph.reconstruction][INFO] - Batch metrics loss: 0.77837, accuracy: 0.62462
[2026-08-28 05:21:57,957][watchmal.engine.graph.reconstruction][INFO] - GPU : cuda:3 | Steps : 2721/5005 | Iteration : 7726 | Batch Size : 333
[2026-08-28 05:21:57,957][watchmal.engine.graph.reconstruction][INFO] - Batch metrics loss: 0.76151, accuracy: 0.6006
[2026-08-28 05:22:09,073][watchmal.engine.graph.reconstruction][INFO] - GPU : cuda:3 | Steps : 2741/5005 | Iteration : 7746 | Batch Size : 333
[2026-08-28 05:22:09,073][watchmal.engine.graph.reconstruction][INFO] - Batch metrics loss: 0.79014, accuracy: 0.57958
[2026-08-28 05:22:20,213][watchmal.engine.graph.reconstruction][INFO] - GPU : cuda:3 | Steps : 2761/5005 | Iteration : 7766 | Batch Size : 333
[2026-08-28 05:22:20,214][watchmal.engine.graph.reconstruction][INFO] - Batch metrics loss: 0.78921, accuracy: 0.58559
[2026-08-28 05:22:31,491][watchmal.engine.graph.reconstruction][INFO] - GPU : cuda:3 | Steps : 2781/5005 | Iteration : 7786 | Batch Size : 333
[2026-08-28 05:22:31,492][watchmal.engine.graph.reconstruction][INFO] - Batch metrics loss: 0.80039, accuracy: 0.60961
[2026-08-28 05:22:42,756][watchmal.engine.graph.reconstruction][INFO] - GPU : cuda:3 | Steps : 2801/5005 | Iteration : 7806 | Batch Size : 333
[2026-08-28 05:22:42,757][watchmal.engine.graph.reconstruction][INFO] - Batch metrics loss: 0.67869, accuracy: 0.65165
[2026-08-28 05:22:54,131][watchmal.engine.graph.reconstruction][INFO] - GPU : cuda:3 | Steps : 2821/5005 | Iteration : 7826 | Batch Size : 333
[2026-08-28 05:22:54,132][watchmal.engine.graph.reconstruction][INFO] - Batch metrics loss: 0.73382, accuracy: 0.63063
[2026-08-28 05:23:05,273][watchmal.engine.graph.reconstruction][INFO] - GPU : cuda:3 | Steps : 2841/5005 | Iteration : 7846 | Batch Size : 333
[2026-08-28 05:23:05,274][watchmal.engine.graph.reconstruction][INFO] - Batch metrics loss: 0.74428, accuracy: 0.62763
[2026-08-28 05:23:16,486][watchmal.engine.graph.reconstruction][INFO] - GPU : cuda:3 | Steps : 2861/5005 | Iteration : 7866 | Batch Size : 333
[2026-08-28 05:23:16,487][watchmal.engine.graph.reconstruction][INFO] - Batch metrics loss: 0.76382, accuracy: 0.62462
[2026-08-28 05:23:27,533][watchmal.engine.graph.reconstruction][INFO] - GPU : cuda:3 | Steps : 2881/5005 | Iteration : 7886 | Batch Size : 333
[2026-08-28 05:23:27,533][watchmal.engine.graph.reconstruction][INFO] - Batch metrics loss: 0.7747, accuracy: 0.62162
[2026-08-28 05:23:38,958][watchmal.engine.graph.reconstruction][INFO] - GPU : cuda:3 | Steps : 2901/5005 | Iteration : 7906 | Batch Size : 333
[2026-08-28 05:23:38,959][watchmal.engine.graph.reconstruction][INFO] - Batch metrics loss: 0.73019, accuracy: 0.62162
[2026-08-28 05:23:50,112][watchmal.engine.graph.reconstruction][INFO] - GPU : cuda:3 | Steps : 2921/5005 | Iteration : 7926 | Batch Size : 333
[2026-08-28 05:23:50,112][watchmal.engine.graph.reconstruction][INFO] - Batch metrics loss: 0.861, accuracy: 0.57958
[2026-08-28 05:24:01,198][watchmal.engine.graph.reconstruction][INFO] - GPU : cuda:3 | Steps : 2941/5005 | Iteration : 7946 | Batch Size : 333
[2026-08-28 05:24:01,198][watchmal.engine.graph.reconstruction][INFO] - Batch metrics loss: 0.79205, accuracy: 0.59159
[2026-08-28 05:24:12,254][watchmal.engine.graph.reconstruction][INFO] - GPU : cuda:3 | Steps : 2961/5005 | Iteration : 7966 | Batch Size : 333
[2026-08-28 05:24:12,254][watchmal.engine.graph.reconstruction][INFO] - Batch metrics loss: 0.77619, accuracy: 0.61862
[2026-08-28 05:24:23,354][watchmal.engine.graph.reconstruction][INFO] - GPU : cuda:3 | Steps : 2981/5005 | Iteration : 7986 | Batch Size : 333
[2026-08-28 05:24:23,354][watchmal.engine.graph.reconstruction][INFO] - Batch metrics loss: 0.8208, accuracy: 0.54955
[2026-08-28 05:24:34,452][watchmal.engine.graph.reconstruction][INFO] - GPU : cuda:3 | Steps : 3001/5005 | Iteration : 8006 | Batch Size : 333
[2026-08-28 05:24:34,453][watchmal.engine.graph.reconstruction][INFO] - Batch metrics loss: 0.73155, accuracy: 0.68168
[2026-08-28 05:24:45,506][watchmal.engine.graph.reconstruction][INFO] - GPU : cuda:3 | Steps : 3021/5005 | Iteration : 8026 | Batch Size : 333
[2026-08-28 05:24:45,506][watchmal.engine.graph.reconstruction][INFO] - Batch metrics loss: 0.8061, accuracy: 0.58859
[2026-08-28 05:24:56,538][watchmal.engine.graph.reconstruction][INFO] - GPU : cuda:3 | Steps : 3041/5005 | Iteration : 8046 | Batch Size : 333
[2026-08-28 05:24:56,538][watchmal.engine.graph.reconstruction][INFO] - Batch metrics loss: 0.75503, accuracy: 0.6036
[2026-08-28 05:25:07,607][watchmal.engine.graph.reconstruction][INFO] - GPU : cuda:3 | Steps : 3061/5005 | Iteration : 8066 | Batch Size : 333
[2026-08-28 05:25:07,607][watchmal.engine.graph.reconstruction][INFO] - Batch metrics loss: 0.82096, accuracy: 0.57658
[2026-08-28 05:25:18,717][watchmal.engine.graph.reconstruction][INFO] - GPU : cuda:3 | Steps : 3081/5005 | Iteration : 8086 | Batch Size : 333
[2026-08-28 05:25:18,718][watchmal.engine.graph.reconstruction][INFO] - Batch metrics loss: 0.81002, accuracy: 0.57057
[2026-08-28 05:25:30,048][watchmal.engine.graph.reconstruction][INFO] - GPU : cuda:3 | Steps : 3101/5005 | Iteration : 8106 | Batch Size : 333
[2026-08-28 05:25:30,049][watchmal.engine.graph.reconstruction][INFO] - Batch metrics loss: 0.7601, accuracy: 0.61562
[2026-08-28 05:25:41,195][watchmal.engine.graph.reconstruction][INFO] - GPU : cuda:3 | Steps : 3121/5005 | Iteration : 8126 | Batch Size : 333
[2026-08-28 05:25:41,195][watchmal.engine.graph.reconstruction][INFO] - Batch metrics loss: 0.77325, accuracy: 0.62462
[2026-08-28 05:25:52,173][watchmal.engine.graph.reconstruction][INFO] - GPU : cuda:3 | Steps : 3141/5005 | Iteration : 8146 | Batch Size : 333
[2026-08-28 05:25:52,174][watchmal.engine.graph.reconstruction][INFO] - Batch metrics loss: 0.84197, accuracy: 0.5976
[2026-08-28 05:26:03,199][watchmal.engine.graph.reconstruction][INFO] - GPU : cuda:3 | Steps : 3161/5005 | Iteration : 8166 | Batch Size : 333
[2026-08-28 05:26:03,200][watchmal.engine.graph.reconstruction][INFO] - Batch metrics loss: 0.77841, accuracy: 0.6006
[2026-08-28 05:26:14,252][watchmal.engine.graph.reconstruction][INFO] - GPU : cuda:3 | Steps : 3181/5005 | Iteration : 8186 | Batch Size : 333
[2026-08-28 05:26:14,252][watchmal.engine.graph.reconstruction][INFO] - Batch metrics loss: 0.77308, accuracy: 0.63363
[2026-08-28 05:26:25,353][watchmal.engine.graph.reconstruction][INFO] - GPU : cuda:3 | Steps : 3201/5005 | Iteration : 8206 | Batch Size : 333
[2026-08-28 05:26:25,353][watchmal.engine.graph.reconstruction][INFO] - Batch metrics loss: 0.76074, accuracy: 0.60961
[2026-08-28 05:26:36,367][watchmal.engine.graph.reconstruction][INFO] - GPU : cuda:3 | Steps : 3221/5005 | Iteration : 8226 | Batch Size : 333
[2026-08-28 05:26:36,368][watchmal.engine.graph.reconstruction][INFO] - Batch metrics loss: 0.8635, accuracy: 0.57357
[2026-08-28 05:26:47,406][watchmal.engine.graph.reconstruction][INFO] - GPU : cuda:3 | Steps : 3241/5005 | Iteration : 8246 | Batch Size : 333
[2026-08-28 05:26:47,407][watchmal.engine.graph.reconstruction][INFO] - Batch metrics loss: 0.7725, accuracy: 0.59159
[2026-08-28 05:26:58,491][watchmal.engine.graph.reconstruction][INFO] - GPU : cuda:3 | Steps : 3261/5005 | Iteration : 8266 | Batch Size : 333
[2026-08-28 05:26:58,491][watchmal.engine.graph.reconstruction][INFO] - Batch metrics loss: 0.74652, accuracy: 0.60661
[2026-08-28 05:27:09,540][watchmal.engine.graph.reconstruction][INFO] - GPU : cuda:3 | Steps : 3281/5005 | Iteration : 8286 | Batch Size : 333
[2026-08-28 05:27:09,541][watchmal.engine.graph.reconstruction][INFO] - Batch metrics loss: 0.73289, accuracy: 0.63664
[2026-08-28 05:27:20,523][watchmal.engine.graph.reconstruction][INFO] - GPU : cuda:3 | Steps : 3301/5005 | Iteration : 8306 | Batch Size : 333
[2026-08-28 05:27:20,524][watchmal.engine.graph.reconstruction][INFO] - Batch metrics loss: 0.77723, accuracy: 0.58859
[2026-08-28 05:27:31,616][watchmal.engine.graph.reconstruction][INFO] - GPU : cuda:3 | Steps : 3321/5005 | Iteration : 8326 | Batch Size : 333
[2026-08-28 05:27:31,616][watchmal.engine.graph.reconstruction][INFO] - Batch metrics loss: 0.78202, accuracy: 0.63964
[2026-08-28 05:27:42,720][watchmal.engine.graph.reconstruction][INFO] - GPU : cuda:3 | Steps : 3341/5005 | Iteration : 8346 | Batch Size : 333
[2026-08-28 05:27:42,721][watchmal.engine.graph.reconstruction][INFO] - Batch metrics loss: 0.84474, accuracy: 0.56757
[2026-08-28 05:27:53,807][watchmal.engine.graph.reconstruction][INFO] - GPU : cuda:3 | Steps : 3361/5005 | Iteration : 8366 | Batch Size : 333
[2026-08-28 05:27:53,807][watchmal.engine.graph.reconstruction][INFO] - Batch metrics loss: 0.79918, accuracy: 0.5976
[2026-08-28 05:28:04,808][watchmal.engine.graph.reconstruction][INFO] - GPU : cuda:3 | Steps : 3381/5005 | Iteration : 8386 | Batch Size : 333
[2026-08-28 05:28:04,809][watchmal.engine.graph.reconstruction][INFO] - Batch metrics loss: 0.77882, accuracy: 0.61261
[2026-08-28 05:28:15,832][watchmal.engine.graph.reconstruction][INFO] - GPU : cuda:3 | Steps : 3401/5005 | Iteration : 8406 | Batch Size : 333
[2026-08-28 05:28:15,832][watchmal.engine.graph.reconstruction][INFO] - Batch metrics loss: 0.78692, accuracy: 0.56456
[2026-08-28 05:28:26,893][watchmal.engine.graph.reconstruction][INFO] - GPU : cuda:3 | Steps : 3421/5005 | Iteration : 8426 | Batch Size : 333
[2026-08-28 05:28:26,894][watchmal.engine.graph.reconstruction][INFO] - Batch metrics loss: 0.77756, accuracy: 0.56456
[2026-08-28 05:28:37,907][watchmal.engine.graph.reconstruction][INFO] - GPU : cuda:3 | Steps : 3441/5005 | Iteration : 8446 | Batch Size : 333
[2026-08-28 05:28:37,908][watchmal.engine.graph.reconstruction][INFO] - Batch metrics loss: 0.79109, accuracy: 0.58258
[2026-08-28 05:28:48,928][watchmal.engine.graph.reconstruction][INFO] - GPU : cuda:3 | Steps : 3461/5005 | Iteration : 8466 | Batch Size : 333
[2026-08-28 05:28:48,928][watchmal.engine.graph.reconstruction][INFO] - Batch metrics loss: 0.74465, accuracy: 0.6036
[2026-08-28 05:28:59,958][watchmal.engine.graph.reconstruction][INFO] - GPU : cuda:3 | Steps : 3481/5005 | Iteration : 8486 | Batch Size : 333
[2026-08-28 05:28:59,958][watchmal.engine.graph.reconstruction][INFO] - Batch metrics loss: 0.71063, accuracy: 0.62763
[2026-08-28 05:29:11,063][watchmal.engine.graph.reconstruction][INFO] - GPU : cuda:3 | Steps : 3501/5005 | Iteration : 8506 | Batch Size : 333
[2026-08-28 05:29:11,063][watchmal.engine.graph.reconstruction][INFO] - Batch metrics loss: 0.78012, accuracy: 0.61562
[2026-08-28 05:29:22,137][watchmal.engine.graph.reconstruction][INFO] - GPU : cuda:3 | Steps : 3521/5005 | Iteration : 8526 | Batch Size : 333
[2026-08-28 05:29:22,138][watchmal.engine.graph.reconstruction][INFO] - Batch metrics loss: 0.77956, accuracy: 0.58859
[2026-08-28 05:29:33,264][watchmal.engine.graph.reconstruction][INFO] - GPU : cuda:3 | Steps : 3541/5005 | Iteration : 8546 | Batch Size : 333
[2026-08-28 05:29:33,264][watchmal.engine.graph.reconstruction][INFO] - Batch metrics loss: 0.73026, accuracy: 0.62763
[2026-08-28 05:29:44,321][watchmal.engine.graph.reconstruction][INFO] - GPU : cuda:3 | Steps : 3561/5005 | Iteration : 8566 | Batch Size : 333
[2026-08-28 05:29:44,321][watchmal.engine.graph.reconstruction][INFO] - Batch metrics loss: 0.71379, accuracy: 0.63063
[2026-08-28 05:29:55,279][watchmal.engine.graph.reconstruction][INFO] - GPU : cuda:3 | Steps : 3581/5005 | Iteration : 8586 | Batch Size : 333
[2026-08-28 05:29:55,279][watchmal.engine.graph.reconstruction][INFO] - Batch metrics loss: 0.75698, accuracy: 0.59459
[2026-08-28 05:30:06,304][watchmal.engine.graph.reconstruction][INFO] - GPU : cuda:3 | Steps : 3601/5005 | Iteration : 8606 | Batch Size : 333
[2026-08-28 05:30:06,305][watchmal.engine.graph.reconstruction][INFO] - Batch metrics loss: 0.75206, accuracy: 0.63363
[2026-08-28 05:30:17,388][watchmal.engine.graph.reconstruction][INFO] - GPU : cuda:3 | Steps : 3621/5005 | Iteration : 8626 | Batch Size : 333
[2026-08-28 05:30:17,389][watchmal.engine.graph.reconstruction][INFO] - Batch metrics loss: 0.7351, accuracy: 0.63063
[2026-08-28 05:30:28,455][watchmal.engine.graph.reconstruction][INFO] - GPU : cuda:3 | Steps : 3641/5005 | Iteration : 8646 | Batch Size : 333
[2026-08-28 05:30:28,456][watchmal.engine.graph.reconstruction][INFO] - Batch metrics loss: 0.83203, accuracy: 0.55856
[2026-08-28 05:30:39,452][watchmal.engine.graph.reconstruction][INFO] - GPU : cuda:3 | Steps : 3661/5005 | Iteration : 8666 | Batch Size : 333
[2026-08-28 05:30:39,453][watchmal.engine.graph.reconstruction][INFO] - Batch metrics loss: 0.74452, accuracy: 0.61562
[2026-08-28 05:30:50,505][watchmal.engine.graph.reconstruction][INFO] - GPU : cuda:3 | Steps : 3681/5005 | Iteration : 8686 | Batch Size : 333
[2026-08-28 05:30:50,505][watchmal.engine.graph.reconstruction][INFO] - Batch metrics loss: 0.75899, accuracy: 0.6006
[2026-08-28 05:31:01,484][watchmal.engine.graph.reconstruction][INFO] - GPU : cuda:3 | Steps : 3701/5005 | Iteration : 8706 | Batch Size : 333
[2026-08-28 05:31:01,484][watchmal.engine.graph.reconstruction][INFO] - Batch metrics loss: 0.73674, accuracy: 0.62462
[2026-08-28 05:31:12,451][watchmal.engine.graph.reconstruction][INFO] - GPU : cuda:3 | Steps : 3721/5005 | Iteration : 8726 | Batch Size : 333
[2026-08-28 05:31:12,451][watchmal.engine.graph.reconstruction][INFO] - Batch metrics loss: 0.7589, accuracy: 0.62162
[2026-08-28 05:31:23,510][watchmal.engine.graph.reconstruction][INFO] - GPU : cuda:3 | Steps : 3741/5005 | Iteration : 8746 | Batch Size : 333
[2026-08-28 05:31:23,510][watchmal.engine.graph.reconstruction][INFO] - Batch metrics loss: 0.78464, accuracy: 0.65766
[2026-08-28 05:31:34,500][watchmal.engine.graph.reconstruction][INFO] - GPU : cuda:3 | Steps : 3761/5005 | Iteration : 8766 | Batch Size : 333
[2026-08-28 05:31:34,501][watchmal.engine.graph.reconstruction][INFO] - Batch metrics loss: 0.73303, accuracy: 0.65465
[2026-08-28 05:31:45,489][watchmal.engine.graph.reconstruction][INFO] - GPU : cuda:3 | Steps : 3781/5005 | Iteration : 8786 | Batch Size : 333
[2026-08-28 05:31:45,490][watchmal.engine.graph.reconstruction][INFO] - Batch metrics loss: 0.73082, accuracy: 0.61562
[2026-08-28 05:31:56,536][watchmal.engine.graph.reconstruction][INFO] - GPU : cuda:3 | Steps : 3801/5005 | Iteration : 8806 | Batch Size : 333
[2026-08-28 05:31:56,537][watchmal.engine.graph.reconstruction][INFO] - Batch metrics loss: 0.76902, accuracy: 0.58859
[2026-08-28 05:32:07,572][watchmal.engine.graph.reconstruction][INFO] - GPU : cuda:3 | Steps : 3821/5005 | Iteration : 8826 | Batch Size : 333
[2026-08-28 05:32:07,572][watchmal.engine.graph.reconstruction][INFO] - Batch metrics loss: 0.78202, accuracy: 0.6006
[2026-08-28 05:32:18,535][watchmal.engine.graph.reconstruction][INFO] - GPU : cuda:3 | Steps : 3841/5005 | Iteration : 8846 | Batch Size : 333
[2026-08-28 05:32:18,535][watchmal.engine.graph.reconstruction][INFO] - Batch metrics loss: 0.74442, accuracy: 0.65165
[2026-08-28 05:32:29,514][watchmal.engine.graph.reconstruction][INFO] - GPU : cuda:3 | Steps : 3861/5005 | Iteration : 8866 | Batch Size : 333
[2026-08-28 05:32:29,515][watchmal.engine.graph.reconstruction][INFO] - Batch metrics loss: 0.80999, accuracy: 0.57958
[2026-08-28 05:32:40,530][watchmal.engine.graph.reconstruction][INFO] - GPU : cuda:3 | Steps : 3881/5005 | Iteration : 8886 | Batch Size : 333
[2026-08-28 05:32:40,530][watchmal.engine.graph.reconstruction][INFO] - Batch metrics loss: 0.75207, accuracy: 0.58559
[2026-08-28 05:32:51,548][watchmal.engine.graph.reconstruction][INFO] - GPU : cuda:3 | Steps : 3901/5005 | Iteration : 8906 | Batch Size : 333
[2026-08-28 05:32:51,549][watchmal.engine.graph.reconstruction][INFO] - Batch metrics loss: 0.71341, accuracy: 0.64264
[2026-08-28 05:33:02,600][watchmal.engine.graph.reconstruction][INFO] - GPU : cuda:3 | Steps : 3921/5005 | Iteration : 8926 | Batch Size : 333
[2026-08-28 05:33:02,600][watchmal.engine.graph.reconstruction][INFO] - Batch metrics loss: 0.72356, accuracy: 0.61562
[2026-08-28 05:33:13,658][watchmal.engine.graph.reconstruction][INFO] - GPU : cuda:3 | Steps : 3941/5005 | Iteration : 8946 | Batch Size : 333
[2026-08-28 05:33:13,659][watchmal.engine.graph.reconstruction][INFO] - Batch metrics loss: 0.7607, accuracy: 0.58258
[2026-08-28 05:33:24,661][watchmal.engine.graph.reconstruction][INFO] - GPU : cuda:3 | Steps : 3961/5005 | Iteration : 8966 | Batch Size : 333
[2026-08-28 05:33:24,662][watchmal.engine.graph.reconstruction][INFO] - Batch metrics loss: 0.72895, accuracy: 0.67868
[2026-08-28 05:33:35,718][watchmal.engine.graph.reconstruction][INFO] - GPU : cuda:3 | Steps : 3981/5005 | Iteration : 8986 | Batch Size : 333
[2026-08-28 05:33:35,719][watchmal.engine.graph.reconstruction][INFO] - Batch metrics loss: 0.84666, accuracy: 0.58258
[2026-08-28 05:33:46,821][watchmal.engine.graph.reconstruction][INFO] - GPU : cuda:3 | Steps : 4001/5005 | Iteration : 9006 | Batch Size : 333
[2026-08-28 05:33:46,822][watchmal.engine.graph.reconstruction][INFO] - Batch metrics loss: 0.73387, accuracy: 0.59459
[2026-08-28 05:33:57,877][watchmal.engine.graph.reconstruction][INFO] - GPU : cuda:3 | Steps : 4021/5005 | Iteration : 9026 | Batch Size : 333
[2026-08-28 05:33:57,878][watchmal.engine.graph.reconstruction][INFO] - Batch metrics loss: 0.7293, accuracy: 0.61862
[2026-08-28 05:34:08,865][watchmal.engine.graph.reconstruction][INFO] - GPU : cuda:3 | Steps : 4041/5005 | Iteration : 9046 | Batch Size : 333
[2026-08-28 05:34:08,866][watchmal.engine.graph.reconstruction][INFO] - Batch metrics loss: 0.78453, accuracy: 0.6006
[2026-08-28 05:34:19,878][watchmal.engine.graph.reconstruction][INFO] - GPU : cuda:3 | Steps : 4061/5005 | Iteration : 9066 | Batch Size : 333
[2026-08-28 05:34:19,878][watchmal.engine.graph.reconstruction][INFO] - Batch metrics loss: 0.74435, accuracy: 0.63363
[2026-08-28 05:34:30,956][watchmal.engine.graph.reconstruction][INFO] - GPU : cuda:3 | Steps : 4081/5005 | Iteration : 9086 | Batch Size : 333
[2026-08-28 05:34:30,957][watchmal.engine.graph.reconstruction][INFO] - Batch metrics loss: 0.74726, accuracy: 0.59459
[2026-08-28 05:34:41,856][watchmal.engine.graph.reconstruction][INFO] - GPU : cuda:3 | Steps : 4101/5005 | Iteration : 9106 | Batch Size : 333
[2026-08-28 05:34:41,856][watchmal.engine.graph.reconstruction][INFO] - Batch metrics loss: 0.73681, accuracy: 0.61562
[2026-08-28 05:34:52,861][watchmal.engine.graph.reconstruction][INFO] - GPU : cuda:3 | Steps : 4121/5005 | Iteration : 9126 | Batch Size : 333
[2026-08-28 05:34:52,861][watchmal.engine.graph.reconstruction][INFO] - Batch metrics loss: 0.75539, accuracy: 0.60661
[2026-08-28 05:35:03,921][watchmal.engine.graph.reconstruction][INFO] - GPU : cuda:3 | Steps : 4141/5005 | Iteration : 9146 | Batch Size : 333
[2026-08-28 05:35:03,922][watchmal.engine.graph.reconstruction][INFO] - Batch metrics loss: 0.71141, accuracy: 0.61562
[2026-08-28 05:35:14,967][watchmal.engine.graph.reconstruction][INFO] - GPU : cuda:3 | Steps : 4161/5005 | Iteration : 9166 | Batch Size : 333
[2026-08-28 05:35:14,968][watchmal.engine.graph.reconstruction][INFO] - Batch metrics loss: 0.79285, accuracy: 0.5976
[2026-08-28 05:35:25,936][watchmal.engine.graph.reconstruction][INFO] - GPU : cuda:3 | Steps : 4181/5005 | Iteration : 9186 | Batch Size : 333
[2026-08-28 05:35:25,936][watchmal.engine.graph.reconstruction][INFO] - Batch metrics loss: 0.76275, accuracy: 0.59159
[2026-08-28 05:35:36,916][watchmal.engine.graph.reconstruction][INFO] - GPU : cuda:3 | Steps : 4201/5005 | Iteration : 9206 | Batch Size : 333
[2026-08-28 05:35:36,916][watchmal.engine.graph.reconstruction][INFO] - Batch metrics loss: 0.7073, accuracy: 0.61562
[2026-08-28 05:35:47,985][watchmal.engine.graph.reconstruction][INFO] - GPU : cuda:3 | Steps : 4221/5005 | Iteration : 9226 | Batch Size : 333
[2026-08-28 05:35:47,985][watchmal.engine.graph.reconstruction][INFO] - Batch metrics loss: 0.70237, accuracy: 0.62162
[2026-08-28 05:35:59,009][watchmal.engine.graph.reconstruction][INFO] - GPU : cuda:3 | Steps : 4241/5005 | Iteration : 9246 | Batch Size : 333
[2026-08-28 05:35:59,010][watchmal.engine.graph.reconstruction][INFO] - Batch metrics loss: 0.78225, accuracy: 0.59159
[2026-08-28 05:36:09,998][watchmal.engine.graph.reconstruction][INFO] - GPU : cuda:3 | Steps : 4261/5005 | Iteration : 9266 | Batch Size : 333
[2026-08-28 05:36:09,999][watchmal.engine.graph.reconstruction][INFO] - Batch metrics loss: 0.75587, accuracy: 0.6006
[2026-08-28 05:36:20,951][watchmal.engine.graph.reconstruction][INFO] - GPU : cuda:3 | Steps : 4281/5005 | Iteration : 9286 | Batch Size : 333
[2026-08-28 05:36:20,951][watchmal.engine.graph.reconstruction][INFO] - Batch metrics loss: 0.78823, accuracy: 0.6036
[2026-08-28 05:36:31,953][watchmal.engine.graph.reconstruction][INFO] - GPU : cuda:3 | Steps : 4301/5005 | Iteration : 9306 | Batch Size : 333
[2026-08-28 05:36:31,954][watchmal.engine.graph.reconstruction][INFO] - Batch metrics loss: 0.7395, accuracy: 0.60661
[2026-08-28 05:36:43,001][watchmal.engine.graph.reconstruction][INFO] - GPU : cuda:3 | Steps : 4321/5005 | Iteration : 9326 | Batch Size : 333
[2026-08-28 05:36:43,002][watchmal.engine.graph.reconstruction][INFO] - Batch metrics loss: 0.78138, accuracy: 0.63363
[2026-08-28 05:36:54,045][watchmal.engine.graph.reconstruction][INFO] - GPU : cuda:3 | Steps : 4341/5005 | Iteration : 9346 | Batch Size : 333
[2026-08-28 05:36:54,046][watchmal.engine.graph.reconstruction][INFO] - Batch metrics loss: 0.72315, accuracy: 0.5976
[2026-08-28 05:37:05,068][watchmal.engine.graph.reconstruction][INFO] - GPU : cuda:3 | Steps : 4361/5005 | Iteration : 9366 | Batch Size : 333
[2026-08-28 05:37:05,068][watchmal.engine.graph.reconstruction][INFO] - Batch metrics loss: 0.8031, accuracy: 0.60661
[2026-08-28 05:37:16,027][watchmal.engine.graph.reconstruction][INFO] - GPU : cuda:3 | Steps : 4381/5005 | Iteration : 9386 | Batch Size : 333
[2026-08-28 05:37:16,027][watchmal.engine.graph.reconstruction][INFO] - Batch metrics loss: 0.74257, accuracy: 0.6036
[2026-08-28 05:37:27,083][watchmal.engine.graph.reconstruction][INFO] - GPU : cuda:3 | Steps : 4401/5005 | Iteration : 9406 | Batch Size : 333
[2026-08-28 05:37:27,083][watchmal.engine.graph.reconstruction][INFO] - Batch metrics loss: 0.74897, accuracy: 0.65165
[2026-08-28 05:37:38,147][watchmal.engine.graph.reconstruction][INFO] - GPU : cuda:3 | Steps : 4421/5005 | Iteration : 9426 | Batch Size : 333
[2026-08-28 05:37:38,147][watchmal.engine.graph.reconstruction][INFO] - Batch metrics loss: 0.7414, accuracy: 0.63664
[2026-08-28 05:37:49,245][watchmal.engine.graph.reconstruction][INFO] - GPU : cuda:3 | Steps : 4441/5005 | Iteration : 9446 | Batch Size : 333
[2026-08-28 05:37:49,246][watchmal.engine.graph.reconstruction][INFO] - Batch metrics loss: 0.70033, accuracy: 0.62462
[2026-08-28 05:38:00,292][watchmal.engine.graph.reconstruction][INFO] - GPU : cuda:3 | Steps : 4461/5005 | Iteration : 9466 | Batch Size : 333
[2026-08-28 05:38:00,292][watchmal.engine.graph.reconstruction][INFO] - Batch metrics loss: 0.72938, accuracy: 0.63664
[2026-08-28 05:38:11,417][watchmal.engine.graph.reconstruction][INFO] - GPU : cuda:3 | Steps : 4481/5005 | Iteration : 9486 | Batch Size : 333
[2026-08-28 05:38:11,418][watchmal.engine.graph.reconstruction][INFO] - Batch metrics loss: 0.68444, accuracy: 0.66667
[2026-08-28 05:38:22,474][watchmal.engine.graph.reconstruction][INFO] - GPU : cuda:3 | Steps : 4501/5005 | Iteration : 9506 | Batch Size : 333
[2026-08-28 05:38:22,474][watchmal.engine.graph.reconstruction][INFO] - Batch metrics loss: 0.70458, accuracy: 0.62462
[2026-08-28 05:38:33,592][watchmal.engine.graph.reconstruction][INFO] - GPU : cuda:3 | Steps : 4521/5005 | Iteration : 9526 | Batch Size : 333
[2026-08-28 05:38:33,592][watchmal.engine.graph.reconstruction][INFO] - Batch metrics loss: 0.7592, accuracy: 0.61862
[2026-08-28 05:38:44,555][watchmal.engine.graph.reconstruction][INFO] - GPU : cuda:3 | Steps : 4541/5005 | Iteration : 9546 | Batch Size : 333
[2026-08-28 05:38:44,556][watchmal.engine.graph.reconstruction][INFO] - Batch metrics loss: 0.69183, accuracy: 0.61862
[2026-08-28 05:38:55,644][watchmal.engine.graph.reconstruction][INFO] - GPU : cuda:3 | Steps : 4561/5005 | Iteration : 9566 | Batch Size : 333
[2026-08-28 05:38:55,645][watchmal.engine.graph.reconstruction][INFO] - Batch metrics loss: 0.76006, accuracy: 0.57658
[2026-08-28 05:39:06,746][watchmal.engine.graph.reconstruction][INFO] - GPU : cuda:3 | Steps : 4581/5005 | Iteration : 9586 | Batch Size : 333
[2026-08-28 05:39:06,747][watchmal.engine.graph.reconstruction][INFO] - Batch metrics loss: 0.73527, accuracy: 0.62462
[2026-08-28 05:39:17,709][watchmal.engine.graph.reconstruction][INFO] - GPU : cuda:3 | Steps : 4601/5005 | Iteration : 9606 | Batch Size : 333
[2026-08-28 05:39:17,709][watchmal.engine.graph.reconstruction][INFO] - Batch metrics loss: 0.72988, accuracy: 0.64865
[2026-08-28 05:39:28,802][watchmal.engine.graph.reconstruction][INFO] - GPU : cuda:3 | Steps : 4621/5005 | Iteration : 9626 | Batch Size : 333
[2026-08-28 05:39:28,803][watchmal.engine.graph.reconstruction][INFO] - Batch metrics loss: 0.7039, accuracy: 0.63063
[2026-08-28 05:39:39,830][watchmal.engine.graph.reconstruction][INFO] - GPU : cuda:3 | Steps : 4641/5005 | Iteration : 9646 | Batch Size : 333
[2026-08-28 05:39:39,830][watchmal.engine.graph.reconstruction][INFO] - Batch metrics loss: 0.76617, accuracy: 0.57958
[2026-08-28 05:39:50,918][watchmal.engine.graph.reconstruction][INFO] - GPU : cuda:3 | Steps : 4661/5005 | Iteration : 9666 | Batch Size : 333
[2026-08-28 05:39:50,918][watchmal.engine.graph.reconstruction][INFO] - Batch metrics loss: 0.71091, accuracy: 0.63063
[2026-08-28 05:40:01,902][watchmal.engine.graph.reconstruction][INFO] - GPU : cuda:3 | Steps : 4681/5005 | Iteration : 9686 | Batch Size : 333
[2026-08-28 05:40:01,903][watchmal.engine.graph.reconstruction][INFO] - Batch metrics loss: 0.73437, accuracy: 0.66967
[2026-08-28 05:40:12,914][watchmal.engine.graph.reconstruction][INFO] - GPU : cuda:3 | Steps : 4701/5005 | Iteration : 9706 | Batch Size : 333
[2026-08-28 05:40:12,915][watchmal.engine.graph.reconstruction][INFO] - Batch metrics loss: 0.65482, accuracy: 0.67568
[2026-08-28 05:40:23,893][watchmal.engine.graph.reconstruction][INFO] - GPU : cuda:3 | Steps : 4721/5005 | Iteration : 9726 | Batch Size : 333
[2026-08-28 05:40:23,893][watchmal.engine.graph.reconstruction][INFO] - Batch metrics loss: 0.72638, accuracy: 0.5976
[2026-08-28 05:40:34,910][watchmal.engine.graph.reconstruction][INFO] - GPU : cuda:3 | Steps : 4741/5005 | Iteration : 9746 | Batch Size : 333
[2026-08-28 05:40:34,910][watchmal.engine.graph.reconstruction][INFO] - Batch metrics loss: 0.73953, accuracy: 0.61562
[2026-08-28 05:40:45,922][watchmal.engine.graph.reconstruction][INFO] - GPU : cuda:3 | Steps : 4761/5005 | Iteration : 9766 | Batch Size : 333
[2026-08-28 05:40:45,923][watchmal.engine.graph.reconstruction][INFO] - Batch metrics loss: 0.6807, accuracy: 0.62162
[2026-08-28 05:40:56,940][watchmal.engine.graph.reconstruction][INFO] - GPU : cuda:3 | Steps : 4781/5005 | Iteration : 9786 | Batch Size : 333
[2026-08-28 05:40:56,940][watchmal.engine.graph.reconstruction][INFO] - Batch metrics loss: 0.75299, accuracy: 0.61562
[2026-08-28 05:41:08,091][watchmal.engine.graph.reconstruction][INFO] - GPU : cuda:3 | Steps : 4801/5005 | Iteration : 9806 | Batch Size : 333
[2026-08-28 05:41:08,091][watchmal.engine.graph.reconstruction][INFO] - Batch metrics loss: 0.72228, accuracy: 0.64264
[2026-08-28 05:41:19,106][watchmal.engine.graph.reconstruction][INFO] - GPU : cuda:3 | Steps : 4821/5005 | Iteration : 9826 | Batch Size : 333
[2026-08-28 05:41:19,107][watchmal.engine.graph.reconstruction][INFO] - Batch metrics loss: 0.78273, accuracy: 0.57658
[2026-08-28 05:41:30,221][watchmal.engine.graph.reconstruction][INFO] - GPU : cuda:3 | Steps : 4841/5005 | Iteration : 9846 | Batch Size : 333
[2026-08-28 05:41:30,222][watchmal.engine.graph.reconstruction][INFO] - Batch metrics loss: 0.73253, accuracy: 0.63363
[2026-08-28 05:41:41,199][watchmal.engine.graph.reconstruction][INFO] - GPU : cuda:3 | Steps : 4861/5005 | Iteration : 9866 | Batch Size : 333
[2026-08-28 05:41:41,200][watchmal.engine.graph.reconstruction][INFO] - Batch metrics loss: 0.68608, accuracy: 0.62462
[2026-08-28 05:41:52,302][watchmal.engine.graph.reconstruction][INFO] - GPU : cuda:3 | Steps : 4881/5005 | Iteration : 9886 | Batch Size : 333
[2026-08-28 05:41:52,303][watchmal.engine.graph.reconstruction][INFO] - Batch metrics loss: 0.70389, accuracy: 0.64565
[2026-08-28 05:42:03,343][watchmal.engine.graph.reconstruction][INFO] - GPU : cuda:3 | Steps : 4901/5005 | Iteration : 9906 | Batch Size : 333
[2026-08-28 05:42:03,344][watchmal.engine.graph.reconstruction][INFO] - Batch metrics loss: 0.74225, accuracy: 0.62162
[2026-08-28 05:42:14,447][watchmal.engine.graph.reconstruction][INFO] - GPU : cuda:3 | Steps : 4921/5005 | Iteration : 9926 | Batch Size : 333
[2026-08-28 05:42:14,447][watchmal.engine.graph.reconstruction][INFO] - Batch metrics loss: 0.78412, accuracy: 0.5976
[2026-08-28 05:42:25,552][watchmal.engine.graph.reconstruction][INFO] - GPU : cuda:3 | Steps : 4941/5005 | Iteration : 9946 | Batch Size : 333
[2026-08-28 05:42:25,553][watchmal.engine.graph.reconstruction][INFO] - Batch metrics loss: 0.72796, accuracy: 0.64264
[2026-08-28 05:42:36,555][watchmal.engine.graph.reconstruction][INFO] - GPU : cuda:3 | Steps : 4961/5005 | Iteration : 9966 | Batch Size : 333
[2026-08-28 05:42:36,555][watchmal.engine.graph.reconstruction][INFO] - Batch metrics loss: 0.72037, accuracy: 0.61562
[2026-08-28 05:42:47,625][watchmal.engine.graph.reconstruction][INFO] - GPU : cuda:3 | Steps : 4981/5005 | Iteration : 9986 | Batch Size : 333
[2026-08-28 05:42:47,625][watchmal.engine.graph.reconstruction][INFO] - Batch metrics loss: 0.75434, accuracy: 0.57658
[2026-08-28 05:42:58,768][watchmal.engine.graph.reconstruction][INFO] - GPU : cuda:3 | Steps : 5001/5005 | Iteration : 10006 | Batch Size : 333
[2026-08-28 05:42:58,768][watchmal.engine.graph.reconstruction][INFO] - Batch metrics loss: 0.75364, accuracy: 0.60661
[2026-08-28 05:43:02,221][watchmal.engine.graph.reconstruction][INFO] - (Train) Epoch : 2 completed in 0:46:36.229189 | Iteration : 10011 
[2026-08-28 05:43:02,221][watchmal.engine.graph.reconstruction][INFO] - Total time since the beginning of the run : 1:34:43.722308
[2026-08-28 05:43:02,222][watchmal.engine.graph.reconstruction][INFO] - Metrics over the (train) epoch loss: 0.77373, accuracy: 0.60279
[2026-08-28 05:43:02,223][watchmal.engine.graph.reconstruction][INFO] - 
[2026-08-28 05:43:02,223][watchmal.engine.graph.reconstruction][INFO] -  -- Validation epoch starting at 2026-08-28 05:43:02.223165
[2026-08-28 05:43:47,134][watchmal.engine.graph.reconstruction][INFO] -  -- Validation epoch completed in 0:00:44.911165 | Iteration : 10011
[2026-08-28 05:43:47,135][watchmal.engine.graph.reconstruction][INFO] -  -- Total time since the beginning of the run : 1:35:28.635383
[2026-08-28 05:43:47,135][watchmal.engine.graph.reconstruction][INFO] -  -- Metrics over the (val) epoch loss: 0.72722, accuracy: 0.62418
[2026-08-28 05:43:47,137][watchmal.engine.graph.reconstruction][INFO] -  ... Best validation loss so far!
[2026-08-28 05:43:47,193][watchmal.engine.base_engine][INFO] - Saved state as: ./outputs/ClassifierEngine_CheRP_BEST.pth
[2026-08-28 05:43:47,479][watchmal.engine.base_engine][INFO] - Save state on wandb
[2026-08-28 05:43:47,479][watchmal.engine.graph.reconstruction][INFO] - 

Training epoch 3/44 starting at 2026-08-28 05:43:47.479590
[2026-08-28 05:43:55,302][watchmal.engine.graph.reconstruction][INFO] - train_loader: <torch_geometric.loader.dataloader.DataLoader object at 0x7fc641694ce0>
[2026-08-28 05:44:02,721][watchmal.engine.graph.reconstruction][INFO] - GPU : cuda:3 | Steps : 1/5005 | Iteration : 10011 | Batch Size : 333
[2026-08-28 05:44:02,721][watchmal.engine.graph.reconstruction][INFO] - Batch metrics loss: 0.6953, accuracy: 0.62763
[2026-08-28 05:44:13,661][watchmal.engine.graph.reconstruction][INFO] - GPU : cuda:3 | Steps : 21/5005 | Iteration : 10031 | Batch Size : 333
[2026-08-28 05:44:13,662][watchmal.engine.graph.reconstruction][INFO] - Batch metrics loss: 0.71239, accuracy: 0.68168
[2026-08-28 05:44:24,660][watchmal.engine.graph.reconstruction][INFO] - GPU : cuda:3 | Steps : 41/5005 | Iteration : 10051 | Batch Size : 333
[2026-08-28 05:44:24,660][watchmal.engine.graph.reconstruction][INFO] - Batch metrics loss: 0.71122, accuracy: 0.63664
[2026-08-28 05:44:35,610][watchmal.engine.graph.reconstruction][INFO] - GPU : cuda:3 | Steps : 61/5005 | Iteration : 10071 | Batch Size : 333
[2026-08-28 05:44:35,611][watchmal.engine.graph.reconstruction][INFO] - Batch metrics loss: 0.74024, accuracy: 0.60961
[2026-08-28 05:44:46,651][watchmal.engine.graph.reconstruction][INFO] - GPU : cuda:3 | Steps : 81/5005 | Iteration : 10091 | Batch Size : 333
[2026-08-28 05:44:46,652][watchmal.engine.graph.reconstruction][INFO] - Batch metrics loss: 0.74972, accuracy: 0.61862
[2026-08-28 05:44:57,901][watchmal.engine.graph.reconstruction][INFO] - GPU : cuda:3 | Steps : 101/5005 | Iteration : 10111 | Batch Size : 333
[2026-08-28 05:44:57,901][watchmal.engine.graph.reconstruction][INFO] - Batch metrics loss: 0.7465, accuracy: 0.62763
[2026-08-28 05:45:08,925][watchmal.engine.graph.reconstruction][INFO] - GPU : cuda:3 | Steps : 121/5005 | Iteration : 10131 | Batch Size : 333
[2026-08-28 05:45:08,926][watchmal.engine.graph.reconstruction][INFO] - Batch metrics loss: 0.77982, accuracy: 0.58859
[2026-08-28 05:45:20,093][watchmal.engine.graph.reconstruction][INFO] - GPU : cuda:3 | Steps : 141/5005 | Iteration : 10151 | Batch Size : 333
[2026-08-28 05:45:20,094][watchmal.engine.graph.reconstruction][INFO] - Batch metrics loss: 0.7318, accuracy: 0.63664
[2026-08-28 05:45:31,130][watchmal.engine.graph.reconstruction][INFO] - GPU : cuda:3 | Steps : 161/5005 | Iteration : 10171 | Batch Size : 333
[2026-08-28 05:45:31,130][watchmal.engine.graph.reconstruction][INFO] - Batch metrics loss: 0.71217, accuracy: 0.65465
[2026-08-28 05:45:42,123][watchmal.engine.graph.reconstruction][INFO] - GPU : cuda:3 | Steps : 181/5005 | Iteration : 10191 | Batch Size : 333
[2026-08-28 05:45:42,123][watchmal.engine.graph.reconstruction][INFO] - Batch metrics loss: 0.7238, accuracy: 0.61562
[2026-08-28 05:45:53,276][watchmal.engine.graph.reconstruction][INFO] - GPU : cuda:3 | Steps : 201/5005 | Iteration : 10211 | Batch Size : 333
[2026-08-28 05:45:53,277][watchmal.engine.graph.reconstruction][INFO] - Batch metrics loss: 0.76798, accuracy: 0.59159
[2026-08-28 05:46:04,262][watchmal.engine.graph.reconstruction][INFO] - GPU : cuda:3 | Steps : 221/5005 | Iteration : 10231 | Batch Size : 333
[2026-08-28 05:46:04,262][watchmal.engine.graph.reconstruction][INFO] - Batch metrics loss: 0.74911, accuracy: 0.65165
[2026-08-28 05:46:15,278][watchmal.engine.graph.reconstruction][INFO] - GPU : cuda:3 | Steps : 241/5005 | Iteration : 10251 | Batch Size : 333
[2026-08-28 05:46:15,279][watchmal.engine.graph.reconstruction][INFO] - Batch metrics loss: 0.78014, accuracy: 0.60961
[2026-08-28 05:46:26,414][watchmal.engine.graph.reconstruction][INFO] - GPU : cuda:3 | Steps : 261/5005 | Iteration : 10271 | Batch Size : 333
[2026-08-28 05:46:26,414][watchmal.engine.graph.reconstruction][INFO] - Batch metrics loss: 0.7108, accuracy: 0.64565
[2026-08-28 05:46:37,449][watchmal.engine.graph.reconstruction][INFO] - GPU : cuda:3 | Steps : 281/5005 | Iteration : 10291 | Batch Size : 333
[2026-08-28 05:46:37,449][watchmal.engine.graph.reconstruction][INFO] - Batch metrics loss: 0.75639, accuracy: 0.59159
[2026-08-28 05:46:48,515][watchmal.engine.graph.reconstruction][INFO] - GPU : cuda:3 | Steps : 301/5005 | Iteration : 10311 | Batch Size : 333
[2026-08-28 05:46:48,515][watchmal.engine.graph.reconstruction][INFO] - Batch metrics loss: 0.73782, accuracy: 0.63964
[2026-08-28 05:46:59,600][watchmal.engine.graph.reconstruction][INFO] - GPU : cuda:3 | Steps : 321/5005 | Iteration : 10331 | Batch Size : 333
[2026-08-28 05:46:59,601][watchmal.engine.graph.reconstruction][INFO] - Batch metrics loss: 0.68163, accuracy: 0.67568
[2026-08-28 05:47:10,609][watchmal.engine.graph.reconstruction][INFO] - GPU : cuda:3 | Steps : 341/5005 | Iteration : 10351 | Batch Size : 333
[2026-08-28 05:47:10,610][watchmal.engine.graph.reconstruction][INFO] - Batch metrics loss: 0.75606, accuracy: 0.6036
[2026-08-28 05:47:21,606][watchmal.engine.graph.reconstruction][INFO] - GPU : cuda:3 | Steps : 361/5005 | Iteration : 10371 | Batch Size : 333
[2026-08-28 05:47:21,607][watchmal.engine.graph.reconstruction][INFO] - Batch metrics loss: 0.70825, accuracy: 0.64264
[2026-08-28 05:47:32,680][watchmal.engine.graph.reconstruction][INFO] - GPU : cuda:3 | Steps : 381/5005 | Iteration : 10391 | Batch Size : 333
[2026-08-28 05:47:32,680][watchmal.engine.graph.reconstruction][INFO] - Batch metrics loss: 0.75472, accuracy: 0.63664
[2026-08-28 05:47:43,626][watchmal.engine.graph.reconstruction][INFO] - GPU : cuda:3 | Steps : 401/5005 | Iteration : 10411 | Batch Size : 333
[2026-08-28 05:47:43,626][watchmal.engine.graph.reconstruction][INFO] - Batch metrics loss: 0.76959, accuracy: 0.57357
[2026-08-28 05:47:54,546][watchmal.engine.graph.reconstruction][INFO] - GPU : cuda:3 | Steps : 421/5005 | Iteration : 10431 | Batch Size : 333
[2026-08-28 05:47:54,547][watchmal.engine.graph.reconstruction][INFO] - Batch metrics loss: 0.71798, accuracy: 0.64264
[2026-08-28 05:48:05,525][watchmal.engine.graph.reconstruction][INFO] - GPU : cuda:3 | Steps : 441/5005 | Iteration : 10451 | Batch Size : 333
[2026-08-28 05:48:05,525][watchmal.engine.graph.reconstruction][INFO] - Batch metrics loss: 0.74226, accuracy: 0.62763
[2026-08-28 05:48:16,505][watchmal.engine.graph.reconstruction][INFO] - GPU : cuda:3 | Steps : 461/5005 | Iteration : 10471 | Batch Size : 333
[2026-08-28 05:48:16,506][watchmal.engine.graph.reconstruction][INFO] - Batch metrics loss: 0.79694, accuracy: 0.57958
[2026-08-28 05:48:27,560][watchmal.engine.graph.reconstruction][INFO] - GPU : cuda:3 | Steps : 481/5005 | Iteration : 10491 | Batch Size : 333
[2026-08-28 05:48:27,561][watchmal.engine.graph.reconstruction][INFO] - Batch metrics loss: 0.71778, accuracy: 0.60961
[2026-08-28 05:48:38,650][watchmal.engine.graph.reconstruction][INFO] - GPU : cuda:3 | Steps : 501/5005 | Iteration : 10511 | Batch Size : 333
[2026-08-28 05:48:38,650][watchmal.engine.graph.reconstruction][INFO] - Batch metrics loss: 0.75525, accuracy: 0.64264
[2026-08-28 05:48:49,711][watchmal.engine.graph.reconstruction][INFO] - GPU : cuda:3 | Steps : 521/5005 | Iteration : 10531 | Batch Size : 333
[2026-08-28 05:48:49,711][watchmal.engine.graph.reconstruction][INFO] - Batch metrics loss: 0.71928, accuracy: 0.6006
[2026-08-28 05:49:00,777][watchmal.engine.graph.reconstruction][INFO] - GPU : cuda:3 | Steps : 541/5005 | Iteration : 10551 | Batch Size : 333
[2026-08-28 05:49:00,777][watchmal.engine.graph.reconstruction][INFO] - Batch metrics loss: 0.81918, accuracy: 0.57357
[2026-08-28 05:49:11,830][watchmal.engine.graph.reconstruction][INFO] - GPU : cuda:3 | Steps : 561/5005 | Iteration : 10571 | Batch Size : 333
[2026-08-28 05:49:11,831][watchmal.engine.graph.reconstruction][INFO] - Batch metrics loss: 0.79696, accuracy: 0.54354
[2026-08-28 05:49:22,870][watchmal.engine.graph.reconstruction][INFO] - GPU : cuda:3 | Steps : 581/5005 | Iteration : 10591 | Batch Size : 333
[2026-08-28 05:49:22,871][watchmal.engine.graph.reconstruction][INFO] - Batch metrics loss: 0.80199, accuracy: 0.55556
[2026-08-28 05:49:33,982][watchmal.engine.graph.reconstruction][INFO] - GPU : cuda:3 | Steps : 601/5005 | Iteration : 10611 | Batch Size : 333
[2026-08-28 05:49:33,983][watchmal.engine.graph.reconstruction][INFO] - Batch metrics loss: 0.71468, accuracy: 0.63964
[2026-08-28 05:49:44,955][watchmal.engine.graph.reconstruction][INFO] - GPU : cuda:3 | Steps : 621/5005 | Iteration : 10631 | Batch Size : 333
[2026-08-28 05:49:44,955][watchmal.engine.graph.reconstruction][INFO] - Batch metrics loss: 0.73491, accuracy: 0.63063
[2026-08-28 05:49:55,961][watchmal.engine.graph.reconstruction][INFO] - GPU : cuda:3 | Steps : 641/5005 | Iteration : 10651 | Batch Size : 333
[2026-08-28 05:49:55,961][watchmal.engine.graph.reconstruction][INFO] - Batch metrics loss: 0.74567, accuracy: 0.6036
[2026-08-28 05:50:07,056][watchmal.engine.graph.reconstruction][INFO] - GPU : cuda:3 | Steps : 661/5005 | Iteration : 10671 | Batch Size : 333
[2026-08-28 05:50:07,057][watchmal.engine.graph.reconstruction][INFO] - Batch metrics loss: 0.68385, accuracy: 0.68468
[2026-08-28 05:50:18,233][watchmal.engine.graph.reconstruction][INFO] - GPU : cuda:3 | Steps : 681/5005 | Iteration : 10691 | Batch Size : 333
[2026-08-28 05:50:18,233][watchmal.engine.graph.reconstruction][INFO] - Batch metrics loss: 0.67258, accuracy: 0.61862
[2026-08-28 05:50:29,310][watchmal.engine.graph.reconstruction][INFO] - GPU : cuda:3 | Steps : 701/5005 | Iteration : 10711 | Batch Size : 333
[2026-08-28 05:50:29,311][watchmal.engine.graph.reconstruction][INFO] - Batch metrics loss: 0.66885, accuracy: 0.64264
[2026-08-28 05:50:40,367][watchmal.engine.graph.reconstruction][INFO] - GPU : cuda:3 | Steps : 721/5005 | Iteration : 10731 | Batch Size : 333
[2026-08-28 05:50:40,368][watchmal.engine.graph.reconstruction][INFO] - Batch metrics loss: 0.72824, accuracy: 0.62763
[2026-08-28 05:50:51,335][watchmal.engine.graph.reconstruction][INFO] - GPU : cuda:3 | Steps : 741/5005 | Iteration : 10751 | Batch Size : 333
[2026-08-28 05:50:51,335][watchmal.engine.graph.reconstruction][INFO] - Batch metrics loss: 0.69894, accuracy: 0.60961
[2026-08-28 05:51:02,242][watchmal.engine.graph.reconstruction][INFO] - GPU : cuda:3 | Steps : 761/5005 | Iteration : 10771 | Batch Size : 333
[2026-08-28 05:51:02,242][watchmal.engine.graph.reconstruction][INFO] - Batch metrics loss: 0.68284, accuracy: 0.64264
[2026-08-28 05:51:13,280][watchmal.engine.graph.reconstruction][INFO] - GPU : cuda:3 | Steps : 781/5005 | Iteration : 10791 | Batch Size : 333
[2026-08-28 05:51:13,281][watchmal.engine.graph.reconstruction][INFO] - Batch metrics loss: 0.74963, accuracy: 0.6006
[2026-08-28 05:51:24,468][watchmal.engine.graph.reconstruction][INFO] - GPU : cuda:3 | Steps : 801/5005 | Iteration : 10811 | Batch Size : 333
[2026-08-28 05:51:24,468][watchmal.engine.graph.reconstruction][INFO] - Batch metrics loss: 0.75242, accuracy: 0.63063
[2026-08-28 05:51:35,534][watchmal.engine.graph.reconstruction][INFO] - GPU : cuda:3 | Steps : 821/5005 | Iteration : 10831 | Batch Size : 333
[2026-08-28 05:51:35,534][watchmal.engine.graph.reconstruction][INFO] - Batch metrics loss: 0.72339, accuracy: 0.5976
[2026-08-28 05:51:46,655][watchmal.engine.graph.reconstruction][INFO] - GPU : cuda:3 | Steps : 841/5005 | Iteration : 10851 | Batch Size : 333
[2026-08-28 05:51:46,656][watchmal.engine.graph.reconstruction][INFO] - Batch metrics loss: 0.69906, accuracy: 0.63664
[2026-08-28 05:51:57,689][watchmal.engine.graph.reconstruction][INFO] - GPU : cuda:3 | Steps : 861/5005 | Iteration : 10871 | Batch Size : 333
[2026-08-28 05:51:57,689][watchmal.engine.graph.reconstruction][INFO] - Batch metrics loss: 0.74274, accuracy: 0.61862
[2026-08-28 05:52:08,772][watchmal.engine.graph.reconstruction][INFO] - GPU : cuda:3 | Steps : 881/5005 | Iteration : 10891 | Batch Size : 333
[2026-08-28 05:52:08,772][watchmal.engine.graph.reconstruction][INFO] - Batch metrics loss: 0.77473, accuracy: 0.6036
[2026-08-28 05:52:19,731][watchmal.engine.graph.reconstruction][INFO] - GPU : cuda:3 | Steps : 901/5005 | Iteration : 10911 | Batch Size : 333
[2026-08-28 05:52:19,731][watchmal.engine.graph.reconstruction][INFO] - Batch metrics loss: 0.71965, accuracy: 0.62162
[2026-08-28 05:52:30,761][watchmal.engine.graph.reconstruction][INFO] - GPU : cuda:3 | Steps : 921/5005 | Iteration : 10931 | Batch Size : 333
[2026-08-28 05:52:30,762][watchmal.engine.graph.reconstruction][INFO] - Batch metrics loss: 0.68951, accuracy: 0.61862
[2026-08-28 05:52:41,732][watchmal.engine.graph.reconstruction][INFO] - GPU : cuda:3 | Steps : 941/5005 | Iteration : 10951 | Batch Size : 333
[2026-08-28 05:52:41,732][watchmal.engine.graph.reconstruction][INFO] - Batch metrics loss: 0.67933, accuracy: 0.65165
[2026-08-28 05:52:52,790][watchmal.engine.graph.reconstruction][INFO] - GPU : cuda:3 | Steps : 961/5005 | Iteration : 10971 | Batch Size : 333
[2026-08-28 05:52:52,790][watchmal.engine.graph.reconstruction][INFO] - Batch metrics loss: 0.72909, accuracy: 0.65165
[2026-08-28 05:53:03,821][watchmal.engine.graph.reconstruction][INFO] - GPU : cuda:3 | Steps : 981/5005 | Iteration : 10991 | Batch Size : 333
[2026-08-28 05:53:03,821][watchmal.engine.graph.reconstruction][INFO] - Batch metrics loss: 0.72914, accuracy: 0.60961
[2026-08-28 05:53:14,833][watchmal.engine.graph.reconstruction][INFO] - GPU : cuda:3 | Steps : 1001/5005 | Iteration : 11011 | Batch Size : 333
[2026-08-28 05:53:14,833][watchmal.engine.graph.reconstruction][INFO] - Batch metrics loss: 0.71209, accuracy: 0.61261
[2026-08-28 05:53:25,968][watchmal.engine.graph.reconstruction][INFO] - GPU : cuda:3 | Steps : 1021/5005 | Iteration : 11031 | Batch Size : 333
[2026-08-28 05:53:25,968][watchmal.engine.graph.reconstruction][INFO] - Batch metrics loss: 0.68658, accuracy: 0.66066
[2026-08-28 05:53:37,066][watchmal.engine.graph.reconstruction][INFO] - GPU : cuda:3 | Steps : 1041/5005 | Iteration : 11051 | Batch Size : 333
[2026-08-28 05:53:37,066][watchmal.engine.graph.reconstruction][INFO] - Batch metrics loss: 0.81064, accuracy: 0.58559
[2026-08-28 05:53:48,154][watchmal.engine.graph.reconstruction][INFO] - GPU : cuda:3 | Steps : 1061/5005 | Iteration : 11071 | Batch Size : 333
[2026-08-28 05:53:48,154][watchmal.engine.graph.reconstruction][INFO] - Batch metrics loss: 0.72378, accuracy: 0.61862
[2026-08-28 05:53:59,163][watchmal.engine.graph.reconstruction][INFO] - GPU : cuda:3 | Steps : 1081/5005 | Iteration : 11091 | Batch Size : 333
[2026-08-28 05:53:59,164][watchmal.engine.graph.reconstruction][INFO] - Batch metrics loss: 0.68058, accuracy: 0.64865
[2026-08-28 05:54:10,158][watchmal.engine.graph.reconstruction][INFO] - GPU : cuda:3 | Steps : 1101/5005 | Iteration : 11111 | Batch Size : 333
[2026-08-28 05:54:10,158][watchmal.engine.graph.reconstruction][INFO] - Batch metrics loss: 0.59593, accuracy: 0.69069
[2026-08-28 05:54:21,203][watchmal.engine.graph.reconstruction][INFO] - GPU : cuda:3 | Steps : 1121/5005 | Iteration : 11131 | Batch Size : 333
[2026-08-28 05:54:21,204][watchmal.engine.graph.reconstruction][INFO] - Batch metrics loss: 0.73024, accuracy: 0.64565
[2026-08-28 05:54:32,321][watchmal.engine.graph.reconstruction][INFO] - GPU : cuda:3 | Steps : 1141/5005 | Iteration : 11151 | Batch Size : 333
[2026-08-28 05:54:32,322][watchmal.engine.graph.reconstruction][INFO] - Batch metrics loss: 0.71431, accuracy: 0.63363
[2026-08-28 05:54:43,346][watchmal.engine.graph.reconstruction][INFO] - GPU : cuda:3 | Steps : 1161/5005 | Iteration : 11171 | Batch Size : 333
[2026-08-28 05:54:43,347][watchmal.engine.graph.reconstruction][INFO] - Batch metrics loss: 0.70284, accuracy: 0.66366
[2026-08-28 05:54:54,360][watchmal.engine.graph.reconstruction][INFO] - GPU : cuda:3 | Steps : 1181/5005 | Iteration : 11191 | Batch Size : 333
[2026-08-28 05:54:54,361][watchmal.engine.graph.reconstruction][INFO] - Batch metrics loss: 0.70389, accuracy: 0.61862
[2026-08-28 05:55:05,242][watchmal.engine.graph.reconstruction][INFO] - GPU : cuda:3 | Steps : 1201/5005 | Iteration : 11211 | Batch Size : 333
[2026-08-28 05:55:05,242][watchmal.engine.graph.reconstruction][INFO] - Batch metrics loss: 0.70124, accuracy: 0.66967
[2026-08-28 05:55:16,213][watchmal.engine.graph.reconstruction][INFO] - GPU : cuda:3 | Steps : 1221/5005 | Iteration : 11231 | Batch Size : 333
[2026-08-28 05:55:16,214][watchmal.engine.graph.reconstruction][INFO] - Batch metrics loss: 0.71266, accuracy: 0.57958
[2026-08-28 05:55:27,255][watchmal.engine.graph.reconstruction][INFO] - GPU : cuda:3 | Steps : 1241/5005 | Iteration : 11251 | Batch Size : 333
[2026-08-28 05:55:27,255][watchmal.engine.graph.reconstruction][INFO] - Batch metrics loss: 0.6883, accuracy: 0.63964
[2026-08-28 05:55:38,246][watchmal.engine.graph.reconstruction][INFO] - GPU : cuda:3 | Steps : 1261/5005 | Iteration : 11271 | Batch Size : 333
[2026-08-28 05:55:38,246][watchmal.engine.graph.reconstruction][INFO] - Batch metrics loss: 0.62491, accuracy: 0.67868
[2026-08-28 05:55:49,230][watchmal.engine.graph.reconstruction][INFO] - GPU : cuda:3 | Steps : 1281/5005 | Iteration : 11291 | Batch Size : 333
[2026-08-28 05:55:49,230][watchmal.engine.graph.reconstruction][INFO] - Batch metrics loss: 0.65843, accuracy: 0.65766
[2026-08-28 05:56:00,216][watchmal.engine.graph.reconstruction][INFO] - GPU : cuda:3 | Steps : 1301/5005 | Iteration : 11311 | Batch Size : 333
[2026-08-28 05:56:00,217][watchmal.engine.graph.reconstruction][INFO] - Batch metrics loss: 0.69182, accuracy: 0.62763
[2026-08-28 05:56:11,291][watchmal.engine.graph.reconstruction][INFO] - GPU : cuda:3 | Steps : 1321/5005 | Iteration : 11331 | Batch Size : 333
[2026-08-28 05:56:11,291][watchmal.engine.graph.reconstruction][INFO] - Batch metrics loss: 0.69931, accuracy: 0.63964
[2026-08-28 05:56:22,237][watchmal.engine.graph.reconstruction][INFO] - GPU : cuda:3 | Steps : 1341/5005 | Iteration : 11351 | Batch Size : 333
[2026-08-28 05:56:22,238][watchmal.engine.graph.reconstruction][INFO] - Batch metrics loss: 0.69989, accuracy: 0.65465
[2026-08-28 05:56:33,238][watchmal.engine.graph.reconstruction][INFO] - GPU : cuda:3 | Steps : 1361/5005 | Iteration : 11371 | Batch Size : 333
[2026-08-28 05:56:33,239][watchmal.engine.graph.reconstruction][INFO] - Batch metrics loss: 0.69283, accuracy: 0.63363
[2026-08-28 05:56:44,346][watchmal.engine.graph.reconstruction][INFO] - GPU : cuda:3 | Steps : 1381/5005 | Iteration : 11391 | Batch Size : 333
[2026-08-28 05:56:44,347][watchmal.engine.graph.reconstruction][INFO] - Batch metrics loss: 0.72835, accuracy: 0.61862
[2026-08-28 05:56:55,385][watchmal.engine.graph.reconstruction][INFO] - GPU : cuda:3 | Steps : 1401/5005 | Iteration : 11411 | Batch Size : 333
[2026-08-28 05:56:55,386][watchmal.engine.graph.reconstruction][INFO] - Batch metrics loss: 0.67257, accuracy: 0.61261
[2026-08-28 05:57:06,408][watchmal.engine.graph.reconstruction][INFO] - GPU : cuda:3 | Steps : 1421/5005 | Iteration : 11431 | Batch Size : 333
[2026-08-28 05:57:06,409][watchmal.engine.graph.reconstruction][INFO] - Batch metrics loss: 0.68822, accuracy: 0.65465
[2026-08-28 05:57:17,476][watchmal.engine.graph.reconstruction][INFO] - GPU : cuda:3 | Steps : 1441/5005 | Iteration : 11451 | Batch Size : 333
[2026-08-28 05:57:17,476][watchmal.engine.graph.reconstruction][INFO] - Batch metrics loss: 0.67974, accuracy: 0.65165
[2026-08-28 05:57:28,542][watchmal.engine.graph.reconstruction][INFO] - GPU : cuda:3 | Steps : 1461/5005 | Iteration : 11471 | Batch Size : 333
[2026-08-28 05:57:28,543][watchmal.engine.graph.reconstruction][INFO] - Batch metrics loss: 0.66872, accuracy: 0.65766
[2026-08-28 05:57:39,680][watchmal.engine.graph.reconstruction][INFO] - GPU : cuda:3 | Steps : 1481/5005 | Iteration : 11491 | Batch Size : 333
[2026-08-28 05:57:39,681][watchmal.engine.graph.reconstruction][INFO] - Batch metrics loss: 0.67441, accuracy: 0.63964
[2026-08-28 05:57:50,800][watchmal.engine.graph.reconstruction][INFO] - GPU : cuda:3 | Steps : 1501/5005 | Iteration : 11511 | Batch Size : 333
[2026-08-28 05:57:50,801][watchmal.engine.graph.reconstruction][INFO] - Batch metrics loss: 0.67493, accuracy: 0.62763
[2026-08-28 05:58:01,823][watchmal.engine.graph.reconstruction][INFO] - GPU : cuda:3 | Steps : 1521/5005 | Iteration : 11531 | Batch Size : 333
[2026-08-28 05:58:01,823][watchmal.engine.graph.reconstruction][INFO] - Batch metrics loss: 0.72995, accuracy: 0.61862
[2026-08-28 05:58:12,880][watchmal.engine.graph.reconstruction][INFO] - GPU : cuda:3 | Steps : 1541/5005 | Iteration : 11551 | Batch Size : 333
[2026-08-28 05:58:12,880][watchmal.engine.graph.reconstruction][INFO] - Batch metrics loss: 0.66886, accuracy: 0.67868
[2026-08-28 05:58:23,828][watchmal.engine.graph.reconstruction][INFO] - GPU : cuda:3 | Steps : 1561/5005 | Iteration : 11571 | Batch Size : 333
[2026-08-28 05:58:23,829][watchmal.engine.graph.reconstruction][INFO] - Batch metrics loss: 0.66707, accuracy: 0.66667
[2026-08-28 05:58:34,690][watchmal.engine.graph.reconstruction][INFO] - GPU : cuda:3 | Steps : 1581/5005 | Iteration : 11591 | Batch Size : 333
[2026-08-28 05:58:34,690][watchmal.engine.graph.reconstruction][INFO] - Batch metrics loss: 0.62626, accuracy: 0.68468
[2026-08-28 05:58:45,761][watchmal.engine.graph.reconstruction][INFO] - GPU : cuda:3 | Steps : 1601/5005 | Iteration : 11611 | Batch Size : 333
[2026-08-28 05:58:45,761][watchmal.engine.graph.reconstruction][INFO] - Batch metrics loss: 0.70229, accuracy: 0.63063
[2026-08-28 05:58:56,840][watchmal.engine.graph.reconstruction][INFO] - GPU : cuda:3 | Steps : 1621/5005 | Iteration : 11631 | Batch Size : 333
[2026-08-28 05:58:56,840][watchmal.engine.graph.reconstruction][INFO] - Batch metrics loss: 0.67125, accuracy: 0.62763
[2026-08-28 05:59:07,864][watchmal.engine.graph.reconstruction][INFO] - GPU : cuda:3 | Steps : 1641/5005 | Iteration : 11651 | Batch Size : 333
[2026-08-28 05:59:07,864][watchmal.engine.graph.reconstruction][INFO] - Batch metrics loss: 0.69099, accuracy: 0.61261
[2026-08-28 05:59:18,748][watchmal.engine.graph.reconstruction][INFO] - GPU : cuda:3 | Steps : 1661/5005 | Iteration : 11671 | Batch Size : 333
[2026-08-28 05:59:18,749][watchmal.engine.graph.reconstruction][INFO] - Batch metrics loss: 0.70896, accuracy: 0.63063
[2026-08-28 05:59:29,666][watchmal.engine.graph.reconstruction][INFO] - GPU : cuda:3 | Steps : 1681/5005 | Iteration : 11691 | Batch Size : 333
[2026-08-28 05:59:29,666][watchmal.engine.graph.reconstruction][INFO] - Batch metrics loss: 0.73702, accuracy: 0.63363
[2026-08-28 05:59:40,598][watchmal.engine.graph.reconstruction][INFO] - GPU : cuda:3 | Steps : 1701/5005 | Iteration : 11711 | Batch Size : 333
[2026-08-28 05:59:40,598][watchmal.engine.graph.reconstruction][INFO] - Batch metrics loss: 0.72007, accuracy: 0.61862
[2026-08-28 05:59:51,689][watchmal.engine.graph.reconstruction][INFO] - GPU : cuda:3 | Steps : 1721/5005 | Iteration : 11731 | Batch Size : 333
[2026-08-28 05:59:51,689][watchmal.engine.graph.reconstruction][INFO] - Batch metrics loss: 0.73594, accuracy: 0.61862
[2026-08-28 06:00:02,780][watchmal.engine.graph.reconstruction][INFO] - GPU : cuda:3 | Steps : 1741/5005 | Iteration : 11751 | Batch Size : 333
[2026-08-28 06:00:02,781][watchmal.engine.graph.reconstruction][INFO] - Batch metrics loss: 0.71566, accuracy: 0.64865
[2026-08-28 06:00:13,786][watchmal.engine.graph.reconstruction][INFO] - GPU : cuda:3 | Steps : 1761/5005 | Iteration : 11771 | Batch Size : 333
[2026-08-28 06:00:13,786][watchmal.engine.graph.reconstruction][INFO] - Batch metrics loss: 0.71714, accuracy: 0.61261
[2026-08-28 06:00:24,792][watchmal.engine.graph.reconstruction][INFO] - GPU : cuda:3 | Steps : 1781/5005 | Iteration : 11791 | Batch Size : 333
[2026-08-28 06:00:24,792][watchmal.engine.graph.reconstruction][INFO] - Batch metrics loss: 0.73556, accuracy: 0.62763
[2026-08-28 06:00:35,772][watchmal.engine.graph.reconstruction][INFO] - GPU : cuda:3 | Steps : 1801/5005 | Iteration : 11811 | Batch Size : 333
[2026-08-28 06:00:35,772][watchmal.engine.graph.reconstruction][INFO] - Batch metrics loss: 0.74707, accuracy: 0.62162
[2026-08-28 06:00:46,830][watchmal.engine.graph.reconstruction][INFO] - GPU : cuda:3 | Steps : 1821/5005 | Iteration : 11831 | Batch Size : 333
[2026-08-28 06:00:46,831][watchmal.engine.graph.reconstruction][INFO] - Batch metrics loss: 0.6506, accuracy: 0.68168
[2026-08-28 06:00:57,893][watchmal.engine.graph.reconstruction][INFO] - GPU : cuda:3 | Steps : 1841/5005 | Iteration : 11851 | Batch Size : 333
[2026-08-28 06:00:57,894][watchmal.engine.graph.reconstruction][INFO] - Batch metrics loss: 0.67995, accuracy: 0.64264
[2026-08-28 06:01:08,889][watchmal.engine.graph.reconstruction][INFO] - GPU : cuda:3 | Steps : 1861/5005 | Iteration : 11871 | Batch Size : 333
[2026-08-28 06:01:08,890][watchmal.engine.graph.reconstruction][INFO] - Batch metrics loss: 0.68607, accuracy: 0.62462
[2026-08-28 06:01:19,933][watchmal.engine.graph.reconstruction][INFO] - GPU : cuda:3 | Steps : 1881/5005 | Iteration : 11891 | Batch Size : 333
[2026-08-28 06:01:19,933][watchmal.engine.graph.reconstruction][INFO] - Batch metrics loss: 0.72879, accuracy: 0.65766
[2026-08-28 06:01:31,029][watchmal.engine.graph.reconstruction][INFO] - GPU : cuda:3 | Steps : 1901/5005 | Iteration : 11911 | Batch Size : 333
[2026-08-28 06:01:31,029][watchmal.engine.graph.reconstruction][INFO] - Batch metrics loss: 0.66693, accuracy: 0.64264
[2026-08-28 06:01:42,093][watchmal.engine.graph.reconstruction][INFO] - GPU : cuda:3 | Steps : 1921/5005 | Iteration : 11931 | Batch Size : 333
[2026-08-28 06:01:42,093][watchmal.engine.graph.reconstruction][INFO] - Batch metrics loss: 0.67696, accuracy: 0.66366
[2026-08-28 06:01:53,168][watchmal.engine.graph.reconstruction][INFO] - GPU : cuda:3 | Steps : 1941/5005 | Iteration : 11951 | Batch Size : 333
[2026-08-28 06:01:53,169][watchmal.engine.graph.reconstruction][INFO] - Batch metrics loss: 0.68166, accuracy: 0.68468
[2026-08-28 06:02:04,177][watchmal.engine.graph.reconstruction][INFO] - GPU : cuda:3 | Steps : 1961/5005 | Iteration : 11971 | Batch Size : 333
[2026-08-28 06:02:04,177][watchmal.engine.graph.reconstruction][INFO] - Batch metrics loss: 0.68276, accuracy: 0.66066
[2026-08-28 06:02:15,262][watchmal.engine.graph.reconstruction][INFO] - GPU : cuda:3 | Steps : 1981/5005 | Iteration : 11991 | Batch Size : 333
[2026-08-28 06:02:15,262][watchmal.engine.graph.reconstruction][INFO] - Batch metrics loss: 0.71564, accuracy: 0.61562
[2026-08-28 06:02:26,244][watchmal.engine.graph.reconstruction][INFO] - GPU : cuda:3 | Steps : 2001/5005 | Iteration : 12011 | Batch Size : 333
[2026-08-28 06:02:26,244][watchmal.engine.graph.reconstruction][INFO] - Batch metrics loss: 0.69449, accuracy: 0.64565
[2026-08-28 06:02:37,170][watchmal.engine.graph.reconstruction][INFO] - GPU : cuda:3 | Steps : 2021/5005 | Iteration : 12031 | Batch Size : 333
[2026-08-28 06:02:37,170][watchmal.engine.graph.reconstruction][INFO] - Batch metrics loss: 0.683, accuracy: 0.66366
[2026-08-28 06:02:48,126][watchmal.engine.graph.reconstruction][INFO] - GPU : cuda:3 | Steps : 2041/5005 | Iteration : 12051 | Batch Size : 333
[2026-08-28 06:02:48,127][watchmal.engine.graph.reconstruction][INFO] - Batch metrics loss: 0.68812, accuracy: 0.63964
[2026-08-28 06:02:59,171][watchmal.engine.graph.reconstruction][INFO] - GPU : cuda:3 | Steps : 2061/5005 | Iteration : 12071 | Batch Size : 333
[2026-08-28 06:02:59,172][watchmal.engine.graph.reconstruction][INFO] - Batch metrics loss: 0.67041, accuracy: 0.66967
[2026-08-28 06:03:10,200][watchmal.engine.graph.reconstruction][INFO] - GPU : cuda:3 | Steps : 2081/5005 | Iteration : 12091 | Batch Size : 333
[2026-08-28 06:03:10,201][watchmal.engine.graph.reconstruction][INFO] - Batch metrics loss: 0.60088, accuracy: 0.69069
[2026-08-28 06:03:21,264][watchmal.engine.graph.reconstruction][INFO] - GPU : cuda:3 | Steps : 2101/5005 | Iteration : 12111 | Batch Size : 333
[2026-08-28 06:03:21,264][watchmal.engine.graph.reconstruction][INFO] - Batch metrics loss: 0.72915, accuracy: 0.63664
[2026-08-28 06:03:32,182][watchmal.engine.graph.reconstruction][INFO] - GPU : cuda:3 | Steps : 2121/5005 | Iteration : 12131 | Batch Size : 333
[2026-08-28 06:03:32,182][watchmal.engine.graph.reconstruction][INFO] - Batch metrics loss: 0.74106, accuracy: 0.62763
[2026-08-28 06:03:43,028][watchmal.engine.graph.reconstruction][INFO] - GPU : cuda:3 | Steps : 2141/5005 | Iteration : 12151 | Batch Size : 333
[2026-08-28 06:03:43,028][watchmal.engine.graph.reconstruction][INFO] - Batch metrics loss: 0.70649, accuracy: 0.63664
[2026-08-28 06:03:54,021][watchmal.engine.graph.reconstruction][INFO] - GPU : cuda:3 | Steps : 2161/5005 | Iteration : 12171 | Batch Size : 333
[2026-08-28 06:03:54,022][watchmal.engine.graph.reconstruction][INFO] - Batch metrics loss: 0.72561, accuracy: 0.60661
[2026-08-28 06:04:05,036][watchmal.engine.graph.reconstruction][INFO] - GPU : cuda:3 | Steps : 2181/5005 | Iteration : 12191 | Batch Size : 333
[2026-08-28 06:04:05,037][watchmal.engine.graph.reconstruction][INFO] - Batch metrics loss: 0.72147, accuracy: 0.61261
[2026-08-28 06:04:16,049][watchmal.engine.graph.reconstruction][INFO] - GPU : cuda:3 | Steps : 2201/5005 | Iteration : 12211 | Batch Size : 333
[2026-08-28 06:04:16,050][watchmal.engine.graph.reconstruction][INFO] - Batch metrics loss: 0.71662, accuracy: 0.60661
[2026-08-28 06:04:27,012][watchmal.engine.graph.reconstruction][INFO] - GPU : cuda:3 | Steps : 2221/5005 | Iteration : 12231 | Batch Size : 333
[2026-08-28 06:04:27,012][watchmal.engine.graph.reconstruction][INFO] - Batch metrics loss: 0.75549, accuracy: 0.58859
[2026-08-28 06:04:38,184][watchmal.engine.graph.reconstruction][INFO] - GPU : cuda:3 | Steps : 2241/5005 | Iteration : 12251 | Batch Size : 333
[2026-08-28 06:04:38,184][watchmal.engine.graph.reconstruction][INFO] - Batch metrics loss: 0.65493, accuracy: 0.66967
[2026-08-28 06:04:49,136][watchmal.engine.graph.reconstruction][INFO] - GPU : cuda:3 | Steps : 2261/5005 | Iteration : 12271 | Batch Size : 333
[2026-08-28 06:04:49,136][watchmal.engine.graph.reconstruction][INFO] - Batch metrics loss: 0.7029, accuracy: 0.61862
[2026-08-28 06:05:00,065][watchmal.engine.graph.reconstruction][INFO] - GPU : cuda:3 | Steps : 2281/5005 | Iteration : 12291 | Batch Size : 333
[2026-08-28 06:05:00,066][watchmal.engine.graph.reconstruction][INFO] - Batch metrics loss: 0.70531, accuracy: 0.62462
[2026-08-28 06:05:10,996][watchmal.engine.graph.reconstruction][INFO] - GPU : cuda:3 | Steps : 2301/5005 | Iteration : 12311 | Batch Size : 333
[2026-08-28 06:05:10,996][watchmal.engine.graph.reconstruction][INFO] - Batch metrics loss: 0.66887, accuracy: 0.65165
[2026-08-28 06:05:22,082][watchmal.engine.graph.reconstruction][INFO] - GPU : cuda:3 | Steps : 2321/5005 | Iteration : 12331 | Batch Size : 333
[2026-08-28 06:05:22,082][watchmal.engine.graph.reconstruction][INFO] - Batch metrics loss: 0.67317, accuracy: 0.66066
[2026-08-28 06:05:33,008][watchmal.engine.graph.reconstruction][INFO] - GPU : cuda:3 | Steps : 2341/5005 | Iteration : 12351 | Batch Size : 333
[2026-08-28 06:05:33,009][watchmal.engine.graph.reconstruction][INFO] - Batch metrics loss: 0.66546, accuracy: 0.63664
[2026-08-28 06:05:43,991][watchmal.engine.graph.reconstruction][INFO] - GPU : cuda:3 | Steps : 2361/5005 | Iteration : 12371 | Batch Size : 333
[2026-08-28 06:05:43,992][watchmal.engine.graph.reconstruction][INFO] - Batch metrics loss: 0.64251, accuracy: 0.69369
[2026-08-28 06:05:55,022][watchmal.engine.graph.reconstruction][INFO] - GPU : cuda:3 | Steps : 2381/5005 | Iteration : 12391 | Batch Size : 333
[2026-08-28 06:05:55,023][watchmal.engine.graph.reconstruction][INFO] - Batch metrics loss: 0.71539, accuracy: 0.65766
[2026-08-28 06:06:06,052][watchmal.engine.graph.reconstruction][INFO] - GPU : cuda:3 | Steps : 2401/5005 | Iteration : 12411 | Batch Size : 333
[2026-08-28 06:06:06,053][watchmal.engine.graph.reconstruction][INFO] - Batch metrics loss: 0.6383, accuracy: 0.67267
[2026-08-28 06:06:17,070][watchmal.engine.graph.reconstruction][INFO] - GPU : cuda:3 | Steps : 2421/5005 | Iteration : 12431 | Batch Size : 333
[2026-08-28 06:06:17,070][watchmal.engine.graph.reconstruction][INFO] - Batch metrics loss: 0.69484, accuracy: 0.64264
[2026-08-28 06:06:28,008][watchmal.engine.graph.reconstruction][INFO] - GPU : cuda:3 | Steps : 2441/5005 | Iteration : 12451 | Batch Size : 333
[2026-08-28 06:06:28,008][watchmal.engine.graph.reconstruction][INFO] - Batch metrics loss: 0.65497, accuracy: 0.67267
[2026-08-28 06:06:39,100][watchmal.engine.graph.reconstruction][INFO] - GPU : cuda:3 | Steps : 2461/5005 | Iteration : 12471 | Batch Size : 333
[2026-08-28 06:06:39,100][watchmal.engine.graph.reconstruction][INFO] - Batch metrics loss: 0.70469, accuracy: 0.66967
[2026-08-28 06:06:50,076][watchmal.engine.graph.reconstruction][INFO] - GPU : cuda:3 | Steps : 2481/5005 | Iteration : 12491 | Batch Size : 333
[2026-08-28 06:06:50,076][watchmal.engine.graph.reconstruction][INFO] - Batch metrics loss: 0.64314, accuracy: 0.68168
[2026-08-28 06:07:01,153][watchmal.engine.graph.reconstruction][INFO] - GPU : cuda:3 | Steps : 2501/5005 | Iteration : 12511 | Batch Size : 333
[2026-08-28 06:07:01,153][watchmal.engine.graph.reconstruction][INFO] - Batch metrics loss: 0.66369, accuracy: 0.6997
[2026-08-28 06:07:12,174][watchmal.engine.graph.reconstruction][INFO] - GPU : cuda:3 | Steps : 2521/5005 | Iteration : 12531 | Batch Size : 333
[2026-08-28 06:07:12,174][watchmal.engine.graph.reconstruction][INFO] - Batch metrics loss: 0.69759, accuracy: 0.62162
[2026-08-28 06:07:23,045][watchmal.engine.graph.reconstruction][INFO] - GPU : cuda:3 | Steps : 2541/5005 | Iteration : 12551 | Batch Size : 333
[2026-08-28 06:07:23,045][watchmal.engine.graph.reconstruction][INFO] - Batch metrics loss: 0.63704, accuracy: 0.66366
[2026-08-28 06:07:34,106][watchmal.engine.graph.reconstruction][INFO] - GPU : cuda:3 | Steps : 2561/5005 | Iteration : 12571 | Batch Size : 333
[2026-08-28 06:07:34,107][watchmal.engine.graph.reconstruction][INFO] - Batch metrics loss: 0.66553, accuracy: 0.67267
[2026-08-28 06:07:45,181][watchmal.engine.graph.reconstruction][INFO] - GPU : cuda:3 | Steps : 2581/5005 | Iteration : 12591 | Batch Size : 333
[2026-08-28 06:07:45,181][watchmal.engine.graph.reconstruction][INFO] - Batch metrics loss: 0.68344, accuracy: 0.62462
[2026-08-28 06:07:56,184][watchmal.engine.graph.reconstruction][INFO] - GPU : cuda:3 | Steps : 2601/5005 | Iteration : 12611 | Batch Size : 333
[2026-08-28 06:07:56,184][watchmal.engine.graph.reconstruction][INFO] - Batch metrics loss: 0.71245, accuracy: 0.62162
[2026-08-28 06:08:07,326][watchmal.engine.graph.reconstruction][INFO] - GPU : cuda:3 | Steps : 2621/5005 | Iteration : 12631 | Batch Size : 333
[2026-08-28 06:08:07,326][watchmal.engine.graph.reconstruction][INFO] - Batch metrics loss: 0.62291, accuracy: 0.72673
[2026-08-28 06:08:18,402][watchmal.engine.graph.reconstruction][INFO] - GPU : cuda:3 | Steps : 2641/5005 | Iteration : 12651 | Batch Size : 333
[2026-08-28 06:08:18,403][watchmal.engine.graph.reconstruction][INFO] - Batch metrics loss: 0.68154, accuracy: 0.64565
[2026-08-28 06:08:29,455][watchmal.engine.graph.reconstruction][INFO] - GPU : cuda:3 | Steps : 2661/5005 | Iteration : 12671 | Batch Size : 333
[2026-08-28 06:08:29,456][watchmal.engine.graph.reconstruction][INFO] - Batch metrics loss: 0.72041, accuracy: 0.61862
[2026-08-28 06:08:40,397][watchmal.engine.graph.reconstruction][INFO] - GPU : cuda:3 | Steps : 2681/5005 | Iteration : 12691 | Batch Size : 333
[2026-08-28 06:08:40,398][watchmal.engine.graph.reconstruction][INFO] - Batch metrics loss: 0.82349, accuracy: 0.57958
[2026-08-28 06:08:51,341][watchmal.engine.graph.reconstruction][INFO] - GPU : cuda:3 | Steps : 2701/5005 | Iteration : 12711 | Batch Size : 333
[2026-08-28 06:08:51,341][watchmal.engine.graph.reconstruction][INFO] - Batch metrics loss: 0.70865, accuracy: 0.61562
[2026-08-28 06:09:02,256][watchmal.engine.graph.reconstruction][INFO] - GPU : cuda:3 | Steps : 2721/5005 | Iteration : 12731 | Batch Size : 333
[2026-08-28 06:09:02,256][watchmal.engine.graph.reconstruction][INFO] - Batch metrics loss: 0.66952, accuracy: 0.67267
[2026-08-28 06:09:13,203][watchmal.engine.graph.reconstruction][INFO] - GPU : cuda:3 | Steps : 2741/5005 | Iteration : 12751 | Batch Size : 333
[2026-08-28 06:09:13,203][watchmal.engine.graph.reconstruction][INFO] - Batch metrics loss: 0.75509, accuracy: 0.63964
[2026-08-28 06:09:24,248][watchmal.engine.graph.reconstruction][INFO] - GPU : cuda:3 | Steps : 2761/5005 | Iteration : 12771 | Batch Size : 333
[2026-08-28 06:09:24,248][watchmal.engine.graph.reconstruction][INFO] - Batch metrics loss: 0.69115, accuracy: 0.63363
[2026-08-28 06:09:35,323][watchmal.engine.graph.reconstruction][INFO] - GPU : cuda:3 | Steps : 2781/5005 | Iteration : 12791 | Batch Size : 333
[2026-08-28 06:09:35,323][watchmal.engine.graph.reconstruction][INFO] - Batch metrics loss: 0.68974, accuracy: 0.61562
[2026-08-28 06:09:46,374][watchmal.engine.graph.reconstruction][INFO] - GPU : cuda:3 | Steps : 2801/5005 | Iteration : 12811 | Batch Size : 333
[2026-08-28 06:09:46,375][watchmal.engine.graph.reconstruction][INFO] - Batch metrics loss: 0.74185, accuracy: 0.61862
[2026-08-28 06:09:57,423][watchmal.engine.graph.reconstruction][INFO] - GPU : cuda:3 | Steps : 2821/5005 | Iteration : 12831 | Batch Size : 333
[2026-08-28 06:09:57,424][watchmal.engine.graph.reconstruction][INFO] - Batch metrics loss: 0.66394, accuracy: 0.66667
[2026-08-28 06:10:08,306][watchmal.engine.graph.reconstruction][INFO] - GPU : cuda:3 | Steps : 2841/5005 | Iteration : 12851 | Batch Size : 333
[2026-08-28 06:10:08,306][watchmal.engine.graph.reconstruction][INFO] - Batch metrics loss: 0.65709, accuracy: 0.65465
[2026-08-28 06:10:19,281][watchmal.engine.graph.reconstruction][INFO] - GPU : cuda:3 | Steps : 2861/5005 | Iteration : 12871 | Batch Size : 333
[2026-08-28 06:10:19,282][watchmal.engine.graph.reconstruction][INFO] - Batch metrics loss: 0.62672, accuracy: 0.68168
[2026-08-28 06:10:30,331][watchmal.engine.graph.reconstruction][INFO] - GPU : cuda:3 | Steps : 2881/5005 | Iteration : 12891 | Batch Size : 333
[2026-08-28 06:10:30,332][watchmal.engine.graph.reconstruction][INFO] - Batch metrics loss: 0.64028, accuracy: 0.65465
[2026-08-28 06:10:41,324][watchmal.engine.graph.reconstruction][INFO] - GPU : cuda:3 | Steps : 2901/5005 | Iteration : 12911 | Batch Size : 333
[2026-08-28 06:10:41,325][watchmal.engine.graph.reconstruction][INFO] - Batch metrics loss: 0.62647, accuracy: 0.68168
[2026-08-28 06:10:52,259][watchmal.engine.graph.reconstruction][INFO] - GPU : cuda:3 | Steps : 2921/5005 | Iteration : 12931 | Batch Size : 333
[2026-08-28 06:10:52,259][watchmal.engine.graph.reconstruction][INFO] - Batch metrics loss: 0.66479, accuracy: 0.65766
[2026-08-28 06:11:03,291][watchmal.engine.graph.reconstruction][INFO] - GPU : cuda:3 | Steps : 2941/5005 | Iteration : 12951 | Batch Size : 333
[2026-08-28 06:11:03,291][watchmal.engine.graph.reconstruction][INFO] - Batch metrics loss: 0.63732, accuracy: 0.65165
[2026-08-28 06:11:14,387][watchmal.engine.graph.reconstruction][INFO] - GPU : cuda:3 | Steps : 2961/5005 | Iteration : 12971 | Batch Size : 333
[2026-08-28 06:11:14,388][watchmal.engine.graph.reconstruction][INFO] - Batch metrics loss: 0.64151, accuracy: 0.67267
[2026-08-28 06:11:25,638][watchmal.engine.graph.reconstruction][INFO] - GPU : cuda:3 | Steps : 2981/5005 | Iteration : 12991 | Batch Size : 333
[2026-08-28 06:11:25,639][watchmal.engine.graph.reconstruction][INFO] - Batch metrics loss: 0.67198, accuracy: 0.65766
[2026-08-28 06:11:36,637][watchmal.engine.graph.reconstruction][INFO] - GPU : cuda:3 | Steps : 3001/5005 | Iteration : 13011 | Batch Size : 333
[2026-08-28 06:11:36,637][watchmal.engine.graph.reconstruction][INFO] - Batch metrics loss: 0.68897, accuracy: 0.62462
[2026-08-28 06:11:47,642][watchmal.engine.graph.reconstruction][INFO] - GPU : cuda:3 | Steps : 3021/5005 | Iteration : 13031 | Batch Size : 333
[2026-08-28 06:11:47,642][watchmal.engine.graph.reconstruction][INFO] - Batch metrics loss: 0.70322, accuracy: 0.63964
[2026-08-28 06:11:58,650][watchmal.engine.graph.reconstruction][INFO] - GPU : cuda:3 | Steps : 3041/5005 | Iteration : 13051 | Batch Size : 333
[2026-08-28 06:11:58,650][watchmal.engine.graph.reconstruction][INFO] - Batch metrics loss: 0.63817, accuracy: 0.68769
[2026-08-28 06:12:09,665][watchmal.engine.graph.reconstruction][INFO] - GPU : cuda:3 | Steps : 3061/5005 | Iteration : 13071 | Batch Size : 333
[2026-08-28 06:12:09,666][watchmal.engine.graph.reconstruction][INFO] - Batch metrics loss: 0.74284, accuracy: 0.6006
[2026-08-28 06:12:20,630][watchmal.engine.graph.reconstruction][INFO] - GPU : cuda:3 | Steps : 3081/5005 | Iteration : 13091 | Batch Size : 333
[2026-08-28 06:12:20,631][watchmal.engine.graph.reconstruction][INFO] - Batch metrics loss: 0.6983, accuracy: 0.64865
[2026-08-28 06:12:31,548][watchmal.engine.graph.reconstruction][INFO] - GPU : cuda:3 | Steps : 3101/5005 | Iteration : 13111 | Batch Size : 333
[2026-08-28 06:12:31,549][watchmal.engine.graph.reconstruction][INFO] - Batch metrics loss: 0.71381, accuracy: 0.64865
[2026-08-28 06:12:42,569][watchmal.engine.graph.reconstruction][INFO] - GPU : cuda:3 | Steps : 3121/5005 | Iteration : 13131 | Batch Size : 333
[2026-08-28 06:12:42,569][watchmal.engine.graph.reconstruction][INFO] - Batch metrics loss: 0.69102, accuracy: 0.62462
[2026-08-28 06:12:53,631][watchmal.engine.graph.reconstruction][INFO] - GPU : cuda:3 | Steps : 3141/5005 | Iteration : 13151 | Batch Size : 333
[2026-08-28 06:12:53,631][watchmal.engine.graph.reconstruction][INFO] - Batch metrics loss: 0.6388, accuracy: 0.69369
[2026-08-28 06:13:04,598][watchmal.engine.graph.reconstruction][INFO] - GPU : cuda:3 | Steps : 3161/5005 | Iteration : 13171 | Batch Size : 333
[2026-08-28 06:13:04,599][watchmal.engine.graph.reconstruction][INFO] - Batch metrics loss: 0.7135, accuracy: 0.63664
[2026-08-28 06:13:15,613][watchmal.engine.graph.reconstruction][INFO] - GPU : cuda:3 | Steps : 3181/5005 | Iteration : 13191 | Batch Size : 333
[2026-08-28 06:13:15,614][watchmal.engine.graph.reconstruction][INFO] - Batch metrics loss: 0.68279, accuracy: 0.66366
[2026-08-28 06:13:26,873][watchmal.engine.graph.reconstruction][INFO] - GPU : cuda:3 | Steps : 3201/5005 | Iteration : 13211 | Batch Size : 333
[2026-08-28 06:13:26,874][watchmal.engine.graph.reconstruction][INFO] - Batch metrics loss: 0.65686, accuracy: 0.63664
[2026-08-28 06:13:37,854][watchmal.engine.graph.reconstruction][INFO] - GPU : cuda:3 | Steps : 3221/5005 | Iteration : 13231 | Batch Size : 333
[2026-08-28 06:13:37,855][watchmal.engine.graph.reconstruction][INFO] - Batch metrics loss: 0.69481, accuracy: 0.63363
[2026-08-28 06:13:50,108][watchmal.engine.graph.reconstruction][INFO] - GPU : cuda:3 | Steps : 3241/5005 | Iteration : 13251 | Batch Size : 333
[2026-08-28 06:13:50,109][watchmal.engine.graph.reconstruction][INFO] - Batch metrics loss: 0.65611, accuracy: 0.63964
[2026-08-28 06:14:01,185][watchmal.engine.graph.reconstruction][INFO] - GPU : cuda:3 | Steps : 3261/5005 | Iteration : 13271 | Batch Size : 333
[2026-08-28 06:14:01,186][watchmal.engine.graph.reconstruction][INFO] - Batch metrics loss: 0.67183, accuracy: 0.63363
[2026-08-28 06:14:12,220][watchmal.engine.graph.reconstruction][INFO] - GPU : cuda:3 | Steps : 3281/5005 | Iteration : 13291 | Batch Size : 333
[2026-08-28 06:14:12,220][watchmal.engine.graph.reconstruction][INFO] - Batch metrics loss: 0.66139, accuracy: 0.67267
[2026-08-28 06:14:23,108][watchmal.engine.graph.reconstruction][INFO] - GPU : cuda:3 | Steps : 3301/5005 | Iteration : 13311 | Batch Size : 333
[2026-08-28 06:14:23,109][watchmal.engine.graph.reconstruction][INFO] - Batch metrics loss: 0.72265, accuracy: 0.63063
[2026-08-28 06:14:34,149][watchmal.engine.graph.reconstruction][INFO] - GPU : cuda:3 | Steps : 3321/5005 | Iteration : 13331 | Batch Size : 333
[2026-08-28 06:14:34,149][watchmal.engine.graph.reconstruction][INFO] - Batch metrics loss: 0.71766, accuracy: 0.62462
[2026-08-28 06:14:45,118][watchmal.engine.graph.reconstruction][INFO] - GPU : cuda:3 | Steps : 3341/5005 | Iteration : 13351 | Batch Size : 333
[2026-08-28 06:14:45,119][watchmal.engine.graph.reconstruction][INFO] - Batch metrics loss: 0.62553, accuracy: 0.68168
[2026-08-28 06:14:56,101][watchmal.engine.graph.reconstruction][INFO] - GPU : cuda:3 | Steps : 3361/5005 | Iteration : 13371 | Batch Size : 333
[2026-08-28 06:14:56,101][watchmal.engine.graph.reconstruction][INFO] - Batch metrics loss: 0.72799, accuracy: 0.60661
[2026-08-28 06:15:07,035][watchmal.engine.graph.reconstruction][INFO] - GPU : cuda:3 | Steps : 3381/5005 | Iteration : 13391 | Batch Size : 333
[2026-08-28 06:15:07,035][watchmal.engine.graph.reconstruction][INFO] - Batch metrics loss: 0.67314, accuracy: 0.68769
[2026-08-28 06:15:17,958][watchmal.engine.graph.reconstruction][INFO] - GPU : cuda:3 | Steps : 3401/5005 | Iteration : 13411 | Batch Size : 333
[2026-08-28 06:15:17,958][watchmal.engine.graph.reconstruction][INFO] - Batch metrics loss: 0.59976, accuracy: 0.65766
[2026-08-28 06:15:28,918][watchmal.engine.graph.reconstruction][INFO] - GPU : cuda:3 | Steps : 3421/5005 | Iteration : 13431 | Batch Size : 333
[2026-08-28 06:15:28,918][watchmal.engine.graph.reconstruction][INFO] - Batch metrics loss: 0.66164, accuracy: 0.64865
[2026-08-28 06:15:39,950][watchmal.engine.graph.reconstruction][INFO] - GPU : cuda:3 | Steps : 3441/5005 | Iteration : 13451 | Batch Size : 333
[2026-08-28 06:15:39,950][watchmal.engine.graph.reconstruction][INFO] - Batch metrics loss: 0.70359, accuracy: 0.63063
[2026-08-28 06:15:50,809][watchmal.engine.graph.reconstruction][INFO] - GPU : cuda:3 | Steps : 3461/5005 | Iteration : 13471 | Batch Size : 333
[2026-08-28 06:15:50,809][watchmal.engine.graph.reconstruction][INFO] - Batch metrics loss: 0.66294, accuracy: 0.67568
[2026-08-28 06:16:01,782][watchmal.engine.graph.reconstruction][INFO] - GPU : cuda:3 | Steps : 3481/5005 | Iteration : 13491 | Batch Size : 333
[2026-08-28 06:16:01,782][watchmal.engine.graph.reconstruction][INFO] - Batch metrics loss: 0.66845, accuracy: 0.62162
[2026-08-28 06:16:12,708][watchmal.engine.graph.reconstruction][INFO] - GPU : cuda:3 | Steps : 3501/5005 | Iteration : 13511 | Batch Size : 333
[2026-08-28 06:16:12,708][watchmal.engine.graph.reconstruction][INFO] - Batch metrics loss: 0.65999, accuracy: 0.66667
[2026-08-28 06:16:23,776][watchmal.engine.graph.reconstruction][INFO] - GPU : cuda:3 | Steps : 3521/5005 | Iteration : 13531 | Batch Size : 333
[2026-08-28 06:16:23,777][watchmal.engine.graph.reconstruction][INFO] - Batch metrics loss: 0.69686, accuracy: 0.64264
[2026-08-28 06:16:34,672][watchmal.engine.graph.reconstruction][INFO] - GPU : cuda:3 | Steps : 3541/5005 | Iteration : 13551 | Batch Size : 333
[2026-08-28 06:16:34,673][watchmal.engine.graph.reconstruction][INFO] - Batch metrics loss: 0.71943, accuracy: 0.64865
[2026-08-28 06:16:45,711][watchmal.engine.graph.reconstruction][INFO] - GPU : cuda:3 | Steps : 3561/5005 | Iteration : 13571 | Batch Size : 333
[2026-08-28 06:16:45,711][watchmal.engine.graph.reconstruction][INFO] - Batch metrics loss: 0.73329, accuracy: 0.63363
[2026-08-28 06:16:56,645][watchmal.engine.graph.reconstruction][INFO] - GPU : cuda:3 | Steps : 3581/5005 | Iteration : 13591 | Batch Size : 333
[2026-08-28 06:16:56,645][watchmal.engine.graph.reconstruction][INFO] - Batch metrics loss: 0.70084, accuracy: 0.66667
[2026-08-28 06:17:07,672][watchmal.engine.graph.reconstruction][INFO] - GPU : cuda:3 | Steps : 3601/5005 | Iteration : 13611 | Batch Size : 333
[2026-08-28 06:17:07,673][watchmal.engine.graph.reconstruction][INFO] - Batch metrics loss: 0.67534, accuracy: 0.62462
[2026-08-28 06:17:18,588][watchmal.engine.graph.reconstruction][INFO] - GPU : cuda:3 | Steps : 3621/5005 | Iteration : 13631 | Batch Size : 333
[2026-08-28 06:17:18,588][watchmal.engine.graph.reconstruction][INFO] - Batch metrics loss: 0.63996, accuracy: 0.67868
[2026-08-28 06:17:29,517][watchmal.engine.graph.reconstruction][INFO] - GPU : cuda:3 | Steps : 3641/5005 | Iteration : 13651 | Batch Size : 333
[2026-08-28 06:17:29,518][watchmal.engine.graph.reconstruction][INFO] - Batch metrics loss: 0.67312, accuracy: 0.65766
[2026-08-28 06:17:40,495][watchmal.engine.graph.reconstruction][INFO] - GPU : cuda:3 | Steps : 3661/5005 | Iteration : 13671 | Batch Size : 333
[2026-08-28 06:17:40,495][watchmal.engine.graph.reconstruction][INFO] - Batch metrics loss: 0.65232, accuracy: 0.65465
[2026-08-28 06:17:51,479][watchmal.engine.graph.reconstruction][INFO] - GPU : cuda:3 | Steps : 3681/5005 | Iteration : 13691 | Batch Size : 333
[2026-08-28 06:17:51,479][watchmal.engine.graph.reconstruction][INFO] - Batch metrics loss: 0.69783, accuracy: 0.62763
[2026-08-28 06:18:02,431][watchmal.engine.graph.reconstruction][INFO] - GPU : cuda:3 | Steps : 3701/5005 | Iteration : 13711 | Batch Size : 333
[2026-08-28 06:18:02,431][watchmal.engine.graph.reconstruction][INFO] - Batch metrics loss: 0.68748, accuracy: 0.60661
[2026-08-28 06:18:13,352][watchmal.engine.graph.reconstruction][INFO] - GPU : cuda:3 | Steps : 3721/5005 | Iteration : 13731 | Batch Size : 333
[2026-08-28 06:18:13,352][watchmal.engine.graph.reconstruction][INFO] - Batch metrics loss: 0.648, accuracy: 0.67868
[2026-08-28 06:18:24,355][watchmal.engine.graph.reconstruction][INFO] - GPU : cuda:3 | Steps : 3741/5005 | Iteration : 13751 | Batch Size : 333
[2026-08-28 06:18:24,355][watchmal.engine.graph.reconstruction][INFO] - Batch metrics loss: 0.60833, accuracy: 0.65165
[2026-08-28 06:18:35,356][watchmal.engine.graph.reconstruction][INFO] - GPU : cuda:3 | Steps : 3761/5005 | Iteration : 13771 | Batch Size : 333
[2026-08-28 06:18:35,356][watchmal.engine.graph.reconstruction][INFO] - Batch metrics loss: 0.71064, accuracy: 0.6036
[2026-08-28 06:18:46,381][watchmal.engine.graph.reconstruction][INFO] - GPU : cuda:3 | Steps : 3781/5005 | Iteration : 13791 | Batch Size : 333
[2026-08-28 06:18:46,381][watchmal.engine.graph.reconstruction][INFO] - Batch metrics loss: 0.72784, accuracy: 0.59459
[2026-08-28 06:18:57,301][watchmal.engine.graph.reconstruction][INFO] - GPU : cuda:3 | Steps : 3801/5005 | Iteration : 13811 | Batch Size : 333
[2026-08-28 06:18:57,302][watchmal.engine.graph.reconstruction][INFO] - Batch metrics loss: 0.61563, accuracy: 0.6997
[2026-08-28 06:19:08,370][watchmal.engine.graph.reconstruction][INFO] - GPU : cuda:3 | Steps : 3821/5005 | Iteration : 13831 | Batch Size : 333
[2026-08-28 06:19:08,370][watchmal.engine.graph.reconstruction][INFO] - Batch metrics loss: 0.68889, accuracy: 0.61862
[2026-08-28 06:19:19,436][watchmal.engine.graph.reconstruction][INFO] - GPU : cuda:3 | Steps : 3841/5005 | Iteration : 13851 | Batch Size : 333
[2026-08-28 06:19:19,436][watchmal.engine.graph.reconstruction][INFO] - Batch metrics loss: 0.62387, accuracy: 0.65465
[2026-08-28 06:19:30,394][watchmal.engine.graph.reconstruction][INFO] - GPU : cuda:3 | Steps : 3861/5005 | Iteration : 13871 | Batch Size : 333
[2026-08-28 06:19:30,395][watchmal.engine.graph.reconstruction][INFO] - Batch metrics loss: 0.6823, accuracy: 0.63664
[2026-08-28 06:19:41,452][watchmal.engine.graph.reconstruction][INFO] - GPU : cuda:3 | Steps : 3881/5005 | Iteration : 13891 | Batch Size : 333
[2026-08-28 06:19:41,452][watchmal.engine.graph.reconstruction][INFO] - Batch metrics loss: 0.70647, accuracy: 0.6006
[2026-08-28 06:19:52,421][watchmal.engine.graph.reconstruction][INFO] - GPU : cuda:3 | Steps : 3901/5005 | Iteration : 13911 | Batch Size : 333
[2026-08-28 06:19:52,422][watchmal.engine.graph.reconstruction][INFO] - Batch metrics loss: 0.6376, accuracy: 0.64264
[2026-08-28 06:20:03,395][watchmal.engine.graph.reconstruction][INFO] - GPU : cuda:3 | Steps : 3921/5005 | Iteration : 13931 | Batch Size : 333
[2026-08-28 06:20:03,395][watchmal.engine.graph.reconstruction][INFO] - Batch metrics loss: 0.66987, accuracy: 0.65165
[2026-08-28 06:20:14,226][watchmal.engine.graph.reconstruction][INFO] - GPU : cuda:3 | Steps : 3941/5005 | Iteration : 13951 | Batch Size : 333
[2026-08-28 06:20:14,226][watchmal.engine.graph.reconstruction][INFO] - Batch metrics loss: 0.6647, accuracy: 0.64865
[2026-08-28 06:20:25,235][watchmal.engine.graph.reconstruction][INFO] - GPU : cuda:3 | Steps : 3961/5005 | Iteration : 13971 | Batch Size : 333
[2026-08-28 06:20:25,236][watchmal.engine.graph.reconstruction][INFO] - Batch metrics loss: 0.69864, accuracy: 0.60661
[2026-08-28 06:20:36,181][watchmal.engine.graph.reconstruction][INFO] - GPU : cuda:3 | Steps : 3981/5005 | Iteration : 13991 | Batch Size : 333
[2026-08-28 06:20:36,181][watchmal.engine.graph.reconstruction][INFO] - Batch metrics loss: 0.61705, accuracy: 0.65165
[2026-08-28 06:20:47,175][watchmal.engine.graph.reconstruction][INFO] - GPU : cuda:3 | Steps : 4001/5005 | Iteration : 14011 | Batch Size : 333
[2026-08-28 06:20:47,176][watchmal.engine.graph.reconstruction][INFO] - Batch metrics loss: 0.72286, accuracy: 0.61862
[2026-08-28 06:20:58,138][watchmal.engine.graph.reconstruction][INFO] - GPU : cuda:3 | Steps : 4021/5005 | Iteration : 14031 | Batch Size : 333
[2026-08-28 06:20:58,139][watchmal.engine.graph.reconstruction][INFO] - Batch metrics loss: 0.69274, accuracy: 0.67568
[2026-08-28 06:21:09,121][watchmal.engine.graph.reconstruction][INFO] - GPU : cuda:3 | Steps : 4041/5005 | Iteration : 14051 | Batch Size : 333
[2026-08-28 06:21:09,122][watchmal.engine.graph.reconstruction][INFO] - Batch metrics loss: 0.62241, accuracy: 0.68769
[2026-08-28 06:21:20,161][watchmal.engine.graph.reconstruction][INFO] - GPU : cuda:3 | Steps : 4061/5005 | Iteration : 14071 | Batch Size : 333
[2026-08-28 06:21:20,161][watchmal.engine.graph.reconstruction][INFO] - Batch metrics loss: 0.63501, accuracy: 0.68168
[2026-08-28 06:21:31,085][watchmal.engine.graph.reconstruction][INFO] - GPU : cuda:3 | Steps : 4081/5005 | Iteration : 14091 | Batch Size : 333
[2026-08-28 06:21:31,085][watchmal.engine.graph.reconstruction][INFO] - Batch metrics loss: 0.65698, accuracy: 0.64565
[2026-08-28 06:21:41,982][watchmal.engine.graph.reconstruction][INFO] - GPU : cuda:3 | Steps : 4101/5005 | Iteration : 14111 | Batch Size : 333
[2026-08-28 06:21:41,983][watchmal.engine.graph.reconstruction][INFO] - Batch metrics loss: 0.65481, accuracy: 0.62763
[2026-08-28 06:21:53,001][watchmal.engine.graph.reconstruction][INFO] - GPU : cuda:3 | Steps : 4121/5005 | Iteration : 14131 | Batch Size : 333
[2026-08-28 06:21:53,002][watchmal.engine.graph.reconstruction][INFO] - Batch metrics loss: 0.67706, accuracy: 0.65766
[2026-08-28 06:22:03,923][watchmal.engine.graph.reconstruction][INFO] - GPU : cuda:3 | Steps : 4141/5005 | Iteration : 14151 | Batch Size : 333
[2026-08-28 06:22:03,924][watchmal.engine.graph.reconstruction][INFO] - Batch metrics loss: 0.70359, accuracy: 0.64565
[2026-08-28 06:22:14,948][watchmal.engine.graph.reconstruction][INFO] - GPU : cuda:3 | Steps : 4161/5005 | Iteration : 14171 | Batch Size : 333
[2026-08-28 06:22:14,949][watchmal.engine.graph.reconstruction][INFO] - Batch metrics loss: 0.66247, accuracy: 0.66366
[2026-08-28 06:22:25,907][watchmal.engine.graph.reconstruction][INFO] - GPU : cuda:3 | Steps : 4181/5005 | Iteration : 14191 | Batch Size : 333
[2026-08-28 06:22:25,908][watchmal.engine.graph.reconstruction][INFO] - Batch metrics loss: 0.71014, accuracy: 0.63063
[2026-08-28 06:22:36,876][watchmal.engine.graph.reconstruction][INFO] - GPU : cuda:3 | Steps : 4201/5005 | Iteration : 14211 | Batch Size : 333
[2026-08-28 06:22:36,876][watchmal.engine.graph.reconstruction][INFO] - Batch metrics loss: 0.65103, accuracy: 0.67267
[2026-08-28 06:22:47,840][watchmal.engine.graph.reconstruction][INFO] - GPU : cuda:3 | Steps : 4221/5005 | Iteration : 14231 | Batch Size : 333
[2026-08-28 06:22:47,840][watchmal.engine.graph.reconstruction][INFO] - Batch metrics loss: 0.67504, accuracy: 0.61261
[2026-08-28 06:22:58,812][watchmal.engine.graph.reconstruction][INFO] - GPU : cuda:3 | Steps : 4241/5005 | Iteration : 14251 | Batch Size : 333
[2026-08-28 06:22:58,812][watchmal.engine.graph.reconstruction][INFO] - Batch metrics loss: 0.70894, accuracy: 0.61562
[2026-08-28 06:23:09,738][watchmal.engine.graph.reconstruction][INFO] - GPU : cuda:3 | Steps : 4261/5005 | Iteration : 14271 | Batch Size : 333
[2026-08-28 06:23:09,738][watchmal.engine.graph.reconstruction][INFO] - Batch metrics loss: 0.65362, accuracy: 0.67267
[2026-08-28 06:23:20,706][watchmal.engine.graph.reconstruction][INFO] - GPU : cuda:3 | Steps : 4281/5005 | Iteration : 14291 | Batch Size : 333
[2026-08-28 06:23:20,707][watchmal.engine.graph.reconstruction][INFO] - Batch metrics loss: 0.65309, accuracy: 0.69069
[2026-08-28 06:23:31,776][watchmal.engine.graph.reconstruction][INFO] - GPU : cuda:3 | Steps : 4301/5005 | Iteration : 14311 | Batch Size : 333
[2026-08-28 06:23:31,777][watchmal.engine.graph.reconstruction][INFO] - Batch metrics loss: 0.6196, accuracy: 0.70571
[2026-08-28 06:23:42,820][watchmal.engine.graph.reconstruction][INFO] - GPU : cuda:3 | Steps : 4321/5005 | Iteration : 14331 | Batch Size : 333
[2026-08-28 06:23:42,820][watchmal.engine.graph.reconstruction][INFO] - Batch metrics loss: 0.67568, accuracy: 0.61862
[2026-08-28 06:23:53,634][watchmal.engine.graph.reconstruction][INFO] - GPU : cuda:3 | Steps : 4341/5005 | Iteration : 14351 | Batch Size : 333
[2026-08-28 06:23:53,634][watchmal.engine.graph.reconstruction][INFO] - Batch metrics loss: 0.58609, accuracy: 0.68168
[2026-08-28 06:24:04,619][watchmal.engine.graph.reconstruction][INFO] - GPU : cuda:3 | Steps : 4361/5005 | Iteration : 14371 | Batch Size : 333
[2026-08-28 06:24:04,619][watchmal.engine.graph.reconstruction][INFO] - Batch metrics loss: 0.66461, accuracy: 0.65465
[2026-08-28 06:24:15,584][watchmal.engine.graph.reconstruction][INFO] - GPU : cuda:3 | Steps : 4381/5005 | Iteration : 14391 | Batch Size : 333
[2026-08-28 06:24:15,584][watchmal.engine.graph.reconstruction][INFO] - Batch metrics loss: 0.71677, accuracy: 0.64565
[2026-08-28 06:24:26,614][watchmal.engine.graph.reconstruction][INFO] - GPU : cuda:3 | Steps : 4401/5005 | Iteration : 14411 | Batch Size : 333
[2026-08-28 06:24:26,614][watchmal.engine.graph.reconstruction][INFO] - Batch metrics loss: 0.71489, accuracy: 0.62763
[2026-08-28 06:24:37,615][watchmal.engine.graph.reconstruction][INFO] - GPU : cuda:3 | Steps : 4421/5005 | Iteration : 14431 | Batch Size : 333
[2026-08-28 06:24:37,615][watchmal.engine.graph.reconstruction][INFO] - Batch metrics loss: 0.65758, accuracy: 0.66667
[2026-08-28 06:24:48,667][watchmal.engine.graph.reconstruction][INFO] - GPU : cuda:3 | Steps : 4441/5005 | Iteration : 14451 | Batch Size : 333
[2026-08-28 06:24:48,667][watchmal.engine.graph.reconstruction][INFO] - Batch metrics loss: 0.67543, accuracy: 0.64865
[2026-08-28 06:24:59,489][watchmal.engine.graph.reconstruction][INFO] - GPU : cuda:3 | Steps : 4461/5005 | Iteration : 14471 | Batch Size : 333
[2026-08-28 06:24:59,489][watchmal.engine.graph.reconstruction][INFO] - Batch metrics loss: 0.65566, accuracy: 0.66967
[2026-08-28 06:25:10,458][watchmal.engine.graph.reconstruction][INFO] - GPU : cuda:3 | Steps : 4481/5005 | Iteration : 14491 | Batch Size : 333
[2026-08-28 06:25:10,459][watchmal.engine.graph.reconstruction][INFO] - Batch metrics loss: 0.66965, accuracy: 0.63664
[2026-08-28 06:25:21,381][watchmal.engine.graph.reconstruction][INFO] - GPU : cuda:3 | Steps : 4501/5005 | Iteration : 14511 | Batch Size : 333
[2026-08-28 06:25:21,381][watchmal.engine.graph.reconstruction][INFO] - Batch metrics loss: 0.68212, accuracy: 0.66066
[2026-08-28 06:25:32,428][watchmal.engine.graph.reconstruction][INFO] - GPU : cuda:3 | Steps : 4521/5005 | Iteration : 14531 | Batch Size : 333
[2026-08-28 06:25:32,429][watchmal.engine.graph.reconstruction][INFO] - Batch metrics loss: 0.71212, accuracy: 0.63363
[2026-08-28 06:25:43,375][watchmal.engine.graph.reconstruction][INFO] - GPU : cuda:3 | Steps : 4541/5005 | Iteration : 14551 | Batch Size : 333
[2026-08-28 06:25:43,376][watchmal.engine.graph.reconstruction][INFO] - Batch metrics loss: 0.63355, accuracy: 0.65465
[2026-08-28 06:25:54,383][watchmal.engine.graph.reconstruction][INFO] - GPU : cuda:3 | Steps : 4561/5005 | Iteration : 14571 | Batch Size : 333
[2026-08-28 06:25:54,384][watchmal.engine.graph.reconstruction][INFO] - Batch metrics loss: 0.68695, accuracy: 0.65165
[2026-08-28 06:26:05,336][watchmal.engine.graph.reconstruction][INFO] - GPU : cuda:3 | Steps : 4581/5005 | Iteration : 14591 | Batch Size : 333
[2026-08-28 06:26:05,336][watchmal.engine.graph.reconstruction][INFO] - Batch metrics loss: 0.67703, accuracy: 0.66066
[2026-08-28 06:26:16,304][watchmal.engine.graph.reconstruction][INFO] - GPU : cuda:3 | Steps : 4601/5005 | Iteration : 14611 | Batch Size : 333
[2026-08-28 06:26:16,305][watchmal.engine.graph.reconstruction][INFO] - Batch metrics loss: 0.72405, accuracy: 0.60961
[2026-08-28 06:26:27,281][watchmal.engine.graph.reconstruction][INFO] - GPU : cuda:3 | Steps : 4621/5005 | Iteration : 14631 | Batch Size : 333
[2026-08-28 06:26:27,281][watchmal.engine.graph.reconstruction][INFO] - Batch metrics loss: 0.675, accuracy: 0.66366
[2026-08-28 06:26:38,300][watchmal.engine.graph.reconstruction][INFO] - GPU : cuda:3 | Steps : 4641/5005 | Iteration : 14651 | Batch Size : 333
[2026-08-28 06:26:38,300][watchmal.engine.graph.reconstruction][INFO] - Batch metrics loss: 0.64415, accuracy: 0.66066
[2026-08-28 06:26:49,267][watchmal.engine.graph.reconstruction][INFO] - GPU : cuda:3 | Steps : 4661/5005 | Iteration : 14671 | Batch Size : 333
[2026-08-28 06:26:49,267][watchmal.engine.graph.reconstruction][INFO] - Batch metrics loss: 0.64718, accuracy: 0.64865
[2026-08-28 06:27:00,245][watchmal.engine.graph.reconstruction][INFO] - GPU : cuda:3 | Steps : 4681/5005 | Iteration : 14691 | Batch Size : 333
[2026-08-28 06:27:00,245][watchmal.engine.graph.reconstruction][INFO] - Batch metrics loss: 0.64955, accuracy: 0.65465
[2026-08-28 06:27:11,203][watchmal.engine.graph.reconstruction][INFO] - GPU : cuda:3 | Steps : 4701/5005 | Iteration : 14711 | Batch Size : 333
[2026-08-28 06:27:11,204][watchmal.engine.graph.reconstruction][INFO] - Batch metrics loss: 0.64312, accuracy: 0.69369
[2026-08-28 06:27:22,161][watchmal.engine.graph.reconstruction][INFO] - GPU : cuda:3 | Steps : 4721/5005 | Iteration : 14731 | Batch Size : 333
[2026-08-28 06:27:22,161][watchmal.engine.graph.reconstruction][INFO] - Batch metrics loss: 0.68458, accuracy: 0.61862
[2026-08-28 06:27:33,190][watchmal.engine.graph.reconstruction][INFO] - GPU : cuda:3 | Steps : 4741/5005 | Iteration : 14751 | Batch Size : 333
[2026-08-28 06:27:33,191][watchmal.engine.graph.reconstruction][INFO] - Batch metrics loss: 0.69447, accuracy: 0.66366
[2026-08-28 06:27:44,256][watchmal.engine.graph.reconstruction][INFO] - GPU : cuda:3 | Steps : 4761/5005 | Iteration : 14771 | Batch Size : 333
[2026-08-28 06:27:44,256][watchmal.engine.graph.reconstruction][INFO] - Batch metrics loss: 0.6145, accuracy: 0.66366
[2026-08-28 06:27:55,167][watchmal.engine.graph.reconstruction][INFO] - GPU : cuda:3 | Steps : 4781/5005 | Iteration : 14791 | Batch Size : 333
[2026-08-28 06:27:55,167][watchmal.engine.graph.reconstruction][INFO] - Batch metrics loss: 0.67217, accuracy: 0.65766
[2026-08-28 06:28:06,184][watchmal.engine.graph.reconstruction][INFO] - GPU : cuda:3 | Steps : 4801/5005 | Iteration : 14811 | Batch Size : 333
[2026-08-28 06:28:06,184][watchmal.engine.graph.reconstruction][INFO] - Batch metrics loss: 0.61833, accuracy: 0.69369
[2026-08-28 06:28:17,183][watchmal.engine.graph.reconstruction][INFO] - GPU : cuda:3 | Steps : 4821/5005 | Iteration : 14831 | Batch Size : 333
[2026-08-28 06:28:17,183][watchmal.engine.graph.reconstruction][INFO] - Batch metrics loss: 0.68258, accuracy: 0.64264
[2026-08-28 06:28:28,157][watchmal.engine.graph.reconstruction][INFO] - GPU : cuda:3 | Steps : 4841/5005 | Iteration : 14851 | Batch Size : 333
[2026-08-28 06:28:28,157][watchmal.engine.graph.reconstruction][INFO] - Batch metrics loss: 0.63193, accuracy: 0.67868
[2026-08-28 06:28:39,071][watchmal.engine.graph.reconstruction][INFO] - GPU : cuda:3 | Steps : 4861/5005 | Iteration : 14871 | Batch Size : 333
[2026-08-28 06:28:39,071][watchmal.engine.graph.reconstruction][INFO] - Batch metrics loss: 0.67516, accuracy: 0.64865
[2026-08-28 06:28:50,019][watchmal.engine.graph.reconstruction][INFO] - GPU : cuda:3 | Steps : 4881/5005 | Iteration : 14891 | Batch Size : 333
[2026-08-28 06:28:50,019][watchmal.engine.graph.reconstruction][INFO] - Batch metrics loss: 0.65652, accuracy: 0.65165
[2026-08-28 06:29:00,984][watchmal.engine.graph.reconstruction][INFO] - GPU : cuda:3 | Steps : 4901/5005 | Iteration : 14911 | Batch Size : 333
[2026-08-28 06:29:00,984][watchmal.engine.graph.reconstruction][INFO] - Batch metrics loss: 0.66324, accuracy: 0.64865
[2026-08-28 06:29:11,944][watchmal.engine.graph.reconstruction][INFO] - GPU : cuda:3 | Steps : 4921/5005 | Iteration : 14931 | Batch Size : 333
[2026-08-28 06:29:11,944][watchmal.engine.graph.reconstruction][INFO] - Batch metrics loss: 0.54893, accuracy: 0.71171
[2026-08-28 06:29:22,895][watchmal.engine.graph.reconstruction][INFO] - GPU : cuda:3 | Steps : 4941/5005 | Iteration : 14951 | Batch Size : 333
[2026-08-28 06:29:22,896][watchmal.engine.graph.reconstruction][INFO] - Batch metrics loss: 0.63698, accuracy: 0.66967
[2026-08-28 06:29:33,927][watchmal.engine.graph.reconstruction][INFO] - GPU : cuda:3 | Steps : 4961/5005 | Iteration : 14971 | Batch Size : 333
[2026-08-28 06:29:33,927][watchmal.engine.graph.reconstruction][INFO] - Batch metrics loss: 0.70204, accuracy: 0.63363
[2026-08-28 06:29:44,899][watchmal.engine.graph.reconstruction][INFO] - GPU : cuda:3 | Steps : 4981/5005 | Iteration : 14991 | Batch Size : 333
[2026-08-28 06:29:44,900][watchmal.engine.graph.reconstruction][INFO] - Batch metrics loss: 0.65463, accuracy: 0.66066
[2026-08-28 06:29:55,920][watchmal.engine.graph.reconstruction][INFO] - GPU : cuda:3 | Steps : 5001/5005 | Iteration : 15011 | Batch Size : 333
[2026-08-28 06:29:55,921][watchmal.engine.graph.reconstruction][INFO] - Batch metrics loss: 0.63329, accuracy: 0.63664
[2026-08-28 06:29:59,364][watchmal.engine.graph.reconstruction][INFO] - (Train) Epoch : 3 completed in 0:46:11.885146 | Iteration : 15016 
[2026-08-28 06:29:59,365][watchmal.engine.graph.reconstruction][INFO] - Total time since the beginning of the run : 2:21:40.865789
[2026-08-28 06:29:59,365][watchmal.engine.graph.reconstruction][INFO] - Metrics over the (train) epoch loss: 0.68807, accuracy: 0.64355
[2026-08-28 06:29:59,366][watchmal.engine.graph.reconstruction][INFO] - 
[2026-08-28 06:29:59,366][watchmal.engine.graph.reconstruction][INFO] -  -- Validation epoch starting at 2026-08-28 06:29:59.366495
[2026-08-28 06:30:48,779][watchmal.engine.graph.reconstruction][INFO] -  -- Validation epoch completed in 0:00:49.412484 | Iteration : 15016
[2026-08-28 06:30:48,780][watchmal.engine.graph.reconstruction][INFO] -  -- Total time since the beginning of the run : 2:22:30.280032
[2026-08-28 06:30:48,780][watchmal.engine.graph.reconstruction][INFO] -  -- Metrics over the (val) epoch loss: 0.65199, accuracy: 0.66079
[2026-08-28 06:30:48,781][watchmal.engine.graph.reconstruction][INFO] -  ... Best validation loss so far!
[2026-08-28 06:30:48,836][watchmal.engine.base_engine][INFO] - Saved state as: ./outputs/ClassifierEngine_CheRP_BEST.pth
[2026-08-28 06:30:49,127][watchmal.engine.base_engine][INFO] - Save state on wandb
[2026-08-28 06:30:49,127][watchmal.engine.graph.reconstruction][INFO] - 

Training epoch 4/44 starting at 2026-08-28 06:30:49.127882
[2026-08-28 06:30:57,075][watchmal.engine.graph.reconstruction][INFO] - train_loader: <torch_geometric.loader.dataloader.DataLoader object at 0x7fc641694ce0>
[2026-08-28 06:31:03,950][watchmal.engine.graph.reconstruction][INFO] - GPU : cuda:3 | Steps : 1/5005 | Iteration : 15016 | Batch Size : 333
[2026-08-28 06:31:03,951][watchmal.engine.graph.reconstruction][INFO] - Batch metrics loss: 0.63403, accuracy: 0.65465
[2026-08-28 06:31:14,865][watchmal.engine.graph.reconstruction][INFO] - GPU : cuda:3 | Steps : 21/5005 | Iteration : 15036 | Batch Size : 333
[2026-08-28 06:31:14,866][watchmal.engine.graph.reconstruction][INFO] - Batch metrics loss: 0.60414, accuracy: 0.70571
[2026-08-28 06:31:25,842][watchmal.engine.graph.reconstruction][INFO] - GPU : cuda:3 | Steps : 41/5005 | Iteration : 15056 | Batch Size : 333
[2026-08-28 06:31:25,842][watchmal.engine.graph.reconstruction][INFO] - Batch metrics loss: 0.65952, accuracy: 0.65165
[2026-08-28 06:31:36,826][watchmal.engine.graph.reconstruction][INFO] - GPU : cuda:3 | Steps : 61/5005 | Iteration : 15076 | Batch Size : 333
[2026-08-28 06:31:36,827][watchmal.engine.graph.reconstruction][INFO] - Batch metrics loss: 0.68045, accuracy: 0.65465
[2026-08-28 06:31:47,955][watchmal.engine.graph.reconstruction][INFO] - GPU : cuda:3 | Steps : 81/5005 | Iteration : 15096 | Batch Size : 333
[2026-08-28 06:31:47,956][watchmal.engine.graph.reconstruction][INFO] - Batch metrics loss: 0.63788, accuracy: 0.69369
[2026-08-28 06:31:59,177][watchmal.engine.graph.reconstruction][INFO] - GPU : cuda:3 | Steps : 101/5005 | Iteration : 15116 | Batch Size : 333
[2026-08-28 06:31:59,178][watchmal.engine.graph.reconstruction][INFO] - Batch metrics loss: 0.63663, accuracy: 0.72072
[2026-08-28 06:32:10,232][watchmal.engine.graph.reconstruction][INFO] - GPU : cuda:3 | Steps : 121/5005 | Iteration : 15136 | Batch Size : 333
[2026-08-28 06:32:10,232][watchmal.engine.graph.reconstruction][INFO] - Batch metrics loss: 0.55573, accuracy: 0.69369
[2026-08-28 06:32:21,166][watchmal.engine.graph.reconstruction][INFO] - GPU : cuda:3 | Steps : 141/5005 | Iteration : 15156 | Batch Size : 333
[2026-08-28 06:32:21,166][watchmal.engine.graph.reconstruction][INFO] - Batch metrics loss: 0.63867, accuracy: 0.64865
[2026-08-28 06:32:32,154][watchmal.engine.graph.reconstruction][INFO] - GPU : cuda:3 | Steps : 161/5005 | Iteration : 15176 | Batch Size : 333
[2026-08-28 06:32:32,155][watchmal.engine.graph.reconstruction][INFO] - Batch metrics loss: 0.58312, accuracy: 0.70571
[2026-08-28 06:32:43,161][watchmal.engine.graph.reconstruction][INFO] - GPU : cuda:3 | Steps : 181/5005 | Iteration : 15196 | Batch Size : 333
[2026-08-28 06:32:43,161][watchmal.engine.graph.reconstruction][INFO] - Batch metrics loss: 0.71535, accuracy: 0.64264
[2026-08-28 06:32:54,134][watchmal.engine.graph.reconstruction][INFO] - GPU : cuda:3 | Steps : 201/5005 | Iteration : 15216 | Batch Size : 333
[2026-08-28 06:32:54,135][watchmal.engine.graph.reconstruction][INFO] - Batch metrics loss: 0.72237, accuracy: 0.64264
[2026-08-28 06:33:05,181][watchmal.engine.graph.reconstruction][INFO] - GPU : cuda:3 | Steps : 221/5005 | Iteration : 15236 | Batch Size : 333
[2026-08-28 06:33:05,181][watchmal.engine.graph.reconstruction][INFO] - Batch metrics loss: 0.69927, accuracy: 0.62763
[2026-08-28 06:33:16,243][watchmal.engine.graph.reconstruction][INFO] - GPU : cuda:3 | Steps : 241/5005 | Iteration : 15256 | Batch Size : 333
[2026-08-28 06:33:16,243][watchmal.engine.graph.reconstruction][INFO] - Batch metrics loss: 0.66506, accuracy: 0.68769
[2026-08-28 06:33:27,149][watchmal.engine.graph.reconstruction][INFO] - GPU : cuda:3 | Steps : 261/5005 | Iteration : 15276 | Batch Size : 333
[2026-08-28 06:33:27,149][watchmal.engine.graph.reconstruction][INFO] - Batch metrics loss: 0.61533, accuracy: 0.67568
[2026-08-28 06:33:38,107][watchmal.engine.graph.reconstruction][INFO] - GPU : cuda:3 | Steps : 281/5005 | Iteration : 15296 | Batch Size : 333
[2026-08-28 06:33:38,108][watchmal.engine.graph.reconstruction][INFO] - Batch metrics loss: 0.63672, accuracy: 0.65766
[2026-08-28 06:33:49,075][watchmal.engine.graph.reconstruction][INFO] - GPU : cuda:3 | Steps : 301/5005 | Iteration : 15316 | Batch Size : 333
[2026-08-28 06:33:49,076][watchmal.engine.graph.reconstruction][INFO] - Batch metrics loss: 0.62783, accuracy: 0.69369
[2026-08-28 06:34:00,160][watchmal.engine.graph.reconstruction][INFO] - GPU : cuda:3 | Steps : 321/5005 | Iteration : 15336 | Batch Size : 333
[2026-08-28 06:34:00,160][watchmal.engine.graph.reconstruction][INFO] - Batch metrics loss: 0.72409, accuracy: 0.62763
[2026-08-28 06:34:11,185][watchmal.engine.graph.reconstruction][INFO] - GPU : cuda:3 | Steps : 341/5005 | Iteration : 15356 | Batch Size : 333
[2026-08-28 06:34:11,185][watchmal.engine.graph.reconstruction][INFO] - Batch metrics loss: 0.67488, accuracy: 0.66366
[2026-08-28 06:34:22,157][watchmal.engine.graph.reconstruction][INFO] - GPU : cuda:3 | Steps : 361/5005 | Iteration : 15376 | Batch Size : 333
[2026-08-28 06:34:22,158][watchmal.engine.graph.reconstruction][INFO] - Batch metrics loss: 0.57992, accuracy: 0.67868
[2026-08-28 06:34:33,309][watchmal.engine.graph.reconstruction][INFO] - GPU : cuda:3 | Steps : 381/5005 | Iteration : 15396 | Batch Size : 333
[2026-08-28 06:34:33,309][watchmal.engine.graph.reconstruction][INFO] - Batch metrics loss: 0.61998, accuracy: 0.66366
[2026-08-28 06:34:44,205][watchmal.engine.graph.reconstruction][INFO] - GPU : cuda:3 | Steps : 401/5005 | Iteration : 15416 | Batch Size : 333
[2026-08-28 06:34:44,205][watchmal.engine.graph.reconstruction][INFO] - Batch metrics loss: 0.67345, accuracy: 0.64865
[2026-08-28 06:34:55,137][watchmal.engine.graph.reconstruction][INFO] - GPU : cuda:3 | Steps : 421/5005 | Iteration : 15436 | Batch Size : 333
[2026-08-28 06:34:55,137][watchmal.engine.graph.reconstruction][INFO] - Batch metrics loss: 0.67378, accuracy: 0.64264
[2026-08-28 06:35:06,096][watchmal.engine.graph.reconstruction][INFO] - GPU : cuda:3 | Steps : 441/5005 | Iteration : 15456 | Batch Size : 333
[2026-08-28 06:35:06,096][watchmal.engine.graph.reconstruction][INFO] - Batch metrics loss: 0.67297, accuracy: 0.64264
[2026-08-28 06:35:17,190][watchmal.engine.graph.reconstruction][INFO] - GPU : cuda:3 | Steps : 461/5005 | Iteration : 15476 | Batch Size : 333
[2026-08-28 06:35:17,191][watchmal.engine.graph.reconstruction][INFO] - Batch metrics loss: 0.61126, accuracy: 0.70571
[2026-08-28 06:35:28,161][watchmal.engine.graph.reconstruction][INFO] - GPU : cuda:3 | Steps : 481/5005 | Iteration : 15496 | Batch Size : 333
[2026-08-28 06:35:28,161][watchmal.engine.graph.reconstruction][INFO] - Batch metrics loss: 0.6385, accuracy: 0.64865
[2026-08-28 06:35:39,093][watchmal.engine.graph.reconstruction][INFO] - GPU : cuda:3 | Steps : 501/5005 | Iteration : 15516 | Batch Size : 333
[2026-08-28 06:35:39,094][watchmal.engine.graph.reconstruction][INFO] - Batch metrics loss: 0.62348, accuracy: 0.67568
[2026-08-28 06:35:50,085][watchmal.engine.graph.reconstruction][INFO] - GPU : cuda:3 | Steps : 521/5005 | Iteration : 15536 | Batch Size : 333
[2026-08-28 06:35:50,085][watchmal.engine.graph.reconstruction][INFO] - Batch metrics loss: 0.6499, accuracy: 0.63363
[2026-08-28 06:36:00,951][watchmal.engine.graph.reconstruction][INFO] - GPU : cuda:3 | Steps : 541/5005 | Iteration : 15556 | Batch Size : 333
[2026-08-28 06:36:00,951][watchmal.engine.graph.reconstruction][INFO] - Batch metrics loss: 0.65034, accuracy: 0.64865
[2026-08-28 06:36:12,026][watchmal.engine.graph.reconstruction][INFO] - GPU : cuda:3 | Steps : 561/5005 | Iteration : 15576 | Batch Size : 333
[2026-08-28 06:36:12,026][watchmal.engine.graph.reconstruction][INFO] - Batch metrics loss: 0.67303, accuracy: 0.67568
[2026-08-28 06:36:22,970][watchmal.engine.graph.reconstruction][INFO] - GPU : cuda:3 | Steps : 581/5005 | Iteration : 15596 | Batch Size : 333
[2026-08-28 06:36:22,970][watchmal.engine.graph.reconstruction][INFO] - Batch metrics loss: 0.67562, accuracy: 0.65766
[2026-08-28 06:36:33,995][watchmal.engine.graph.reconstruction][INFO] - GPU : cuda:3 | Steps : 601/5005 | Iteration : 15616 | Batch Size : 333
[2026-08-28 06:36:33,996][watchmal.engine.graph.reconstruction][INFO] - Batch metrics loss: 0.63751, accuracy: 0.67568
[2026-08-28 06:36:45,041][watchmal.engine.graph.reconstruction][INFO] - GPU : cuda:3 | Steps : 621/5005 | Iteration : 15636 | Batch Size : 333
[2026-08-28 06:36:45,041][watchmal.engine.graph.reconstruction][INFO] - Batch metrics loss: 0.64524, accuracy: 0.65766
[2026-08-28 06:36:56,113][watchmal.engine.graph.reconstruction][INFO] - GPU : cuda:3 | Steps : 641/5005 | Iteration : 15656 | Batch Size : 333
[2026-08-28 06:36:56,114][watchmal.engine.graph.reconstruction][INFO] - Batch metrics loss: 0.63204, accuracy: 0.71471
[2026-08-28 06:37:06,969][watchmal.engine.graph.reconstruction][INFO] - GPU : cuda:3 | Steps : 661/5005 | Iteration : 15676 | Batch Size : 333
[2026-08-28 06:37:06,969][watchmal.engine.graph.reconstruction][INFO] - Batch metrics loss: 0.63954, accuracy: 0.66366
[2026-08-28 06:37:17,965][watchmal.engine.graph.reconstruction][INFO] - GPU : cuda:3 | Steps : 681/5005 | Iteration : 15696 | Batch Size : 333
[2026-08-28 06:37:17,965][watchmal.engine.graph.reconstruction][INFO] - Batch metrics loss: 0.63169, accuracy: 0.70871
[2026-08-28 06:37:29,019][watchmal.engine.graph.reconstruction][INFO] - GPU : cuda:3 | Steps : 701/5005 | Iteration : 15716 | Batch Size : 333
[2026-08-28 06:37:29,020][watchmal.engine.graph.reconstruction][INFO] - Batch metrics loss: 0.68592, accuracy: 0.66366
[2026-08-28 06:37:39,981][watchmal.engine.graph.reconstruction][INFO] - GPU : cuda:3 | Steps : 721/5005 | Iteration : 15736 | Batch Size : 333
[2026-08-28 06:37:39,981][watchmal.engine.graph.reconstruction][INFO] - Batch metrics loss: 0.6384, accuracy: 0.66366
[2026-08-28 06:37:50,889][watchmal.engine.graph.reconstruction][INFO] - GPU : cuda:3 | Steps : 741/5005 | Iteration : 15756 | Batch Size : 333
[2026-08-28 06:37:50,890][watchmal.engine.graph.reconstruction][INFO] - Batch metrics loss: 0.6765, accuracy: 0.66366
[2026-08-28 06:38:02,110][watchmal.engine.graph.reconstruction][INFO] - GPU : cuda:3 | Steps : 761/5005 | Iteration : 15776 | Batch Size : 333
[2026-08-28 06:38:02,110][watchmal.engine.graph.reconstruction][INFO] - Batch metrics loss: 0.66593, accuracy: 0.67267
[2026-08-28 06:38:13,078][watchmal.engine.graph.reconstruction][INFO] - GPU : cuda:3 | Steps : 781/5005 | Iteration : 15796 | Batch Size : 333
[2026-08-28 06:38:13,078][watchmal.engine.graph.reconstruction][INFO] - Batch metrics loss: 0.67682, accuracy: 0.65766
[2026-08-28 06:38:24,046][watchmal.engine.graph.reconstruction][INFO] - GPU : cuda:3 | Steps : 801/5005 | Iteration : 15816 | Batch Size : 333
[2026-08-28 06:38:24,047][watchmal.engine.graph.reconstruction][INFO] - Batch metrics loss: 0.60621, accuracy: 0.66967
[2026-08-28 06:38:35,104][watchmal.engine.graph.reconstruction][INFO] - GPU : cuda:3 | Steps : 821/5005 | Iteration : 15836 | Batch Size : 333
[2026-08-28 06:38:35,104][watchmal.engine.graph.reconstruction][INFO] - Batch metrics loss: 0.67108, accuracy: 0.67568
[2026-08-28 06:38:46,190][watchmal.engine.graph.reconstruction][INFO] - GPU : cuda:3 | Steps : 841/5005 | Iteration : 15856 | Batch Size : 333
[2026-08-28 06:38:46,191][watchmal.engine.graph.reconstruction][INFO] - Batch metrics loss: 0.64339, accuracy: 0.6967
[2026-08-28 06:38:57,090][watchmal.engine.graph.reconstruction][INFO] - GPU : cuda:3 | Steps : 861/5005 | Iteration : 15876 | Batch Size : 333
[2026-08-28 06:38:57,091][watchmal.engine.graph.reconstruction][INFO] - Batch metrics loss: 0.64696, accuracy: 0.66667
[2026-08-28 06:39:08,140][watchmal.engine.graph.reconstruction][INFO] - GPU : cuda:3 | Steps : 881/5005 | Iteration : 15896 | Batch Size : 333
[2026-08-28 06:39:08,140][watchmal.engine.graph.reconstruction][INFO] - Batch metrics loss: 0.63595, accuracy: 0.69369
[2026-08-28 06:39:19,152][watchmal.engine.graph.reconstruction][INFO] - GPU : cuda:3 | Steps : 901/5005 | Iteration : 15916 | Batch Size : 333
[2026-08-28 06:39:19,152][watchmal.engine.graph.reconstruction][INFO] - Batch metrics loss: 0.65971, accuracy: 0.63063
[2026-08-28 06:39:30,169][watchmal.engine.graph.reconstruction][INFO] - GPU : cuda:3 | Steps : 921/5005 | Iteration : 15936 | Batch Size : 333
[2026-08-28 06:39:30,169][watchmal.engine.graph.reconstruction][INFO] - Batch metrics loss: 0.63811, accuracy: 0.66667
[2026-08-28 06:39:41,058][watchmal.engine.graph.reconstruction][INFO] - GPU : cuda:3 | Steps : 941/5005 | Iteration : 15956 | Batch Size : 333
[2026-08-28 06:39:41,059][watchmal.engine.graph.reconstruction][INFO] - Batch metrics loss: 0.66135, accuracy: 0.66366
[2026-08-28 06:39:52,076][watchmal.engine.graph.reconstruction][INFO] - GPU : cuda:3 | Steps : 961/5005 | Iteration : 15976 | Batch Size : 333
[2026-08-28 06:39:52,077][watchmal.engine.graph.reconstruction][INFO] - Batch metrics loss: 0.61836, accuracy: 0.67568
[2026-08-28 06:40:03,085][watchmal.engine.graph.reconstruction][INFO] - GPU : cuda:3 | Steps : 981/5005 | Iteration : 15996 | Batch Size : 333
[2026-08-28 06:40:03,085][watchmal.engine.graph.reconstruction][INFO] - Batch metrics loss: 0.66452, accuracy: 0.65165
[2026-08-28 06:40:13,982][watchmal.engine.graph.reconstruction][INFO] - GPU : cuda:3 | Steps : 1001/5005 | Iteration : 16016 | Batch Size : 333
[2026-08-28 06:40:13,983][watchmal.engine.graph.reconstruction][INFO] - Batch metrics loss: 0.62175, accuracy: 0.69069
[2026-08-28 06:40:24,973][watchmal.engine.graph.reconstruction][INFO] - GPU : cuda:3 | Steps : 1021/5005 | Iteration : 16036 | Batch Size : 333
[2026-08-28 06:40:24,974][watchmal.engine.graph.reconstruction][INFO] - Batch metrics loss: 0.62055, accuracy: 0.67267
[2026-08-28 06:40:35,945][watchmal.engine.graph.reconstruction][INFO] - GPU : cuda:3 | Steps : 1041/5005 | Iteration : 16056 | Batch Size : 333
[2026-08-28 06:40:35,945][watchmal.engine.graph.reconstruction][INFO] - Batch metrics loss: 0.61756, accuracy: 0.69069
[2026-08-28 06:40:47,049][watchmal.engine.graph.reconstruction][INFO] - GPU : cuda:3 | Steps : 1061/5005 | Iteration : 16076 | Batch Size : 333
[2026-08-28 06:40:47,050][watchmal.engine.graph.reconstruction][INFO] - Batch metrics loss: 0.66058, accuracy: 0.64264
[2026-08-28 06:40:58,060][watchmal.engine.graph.reconstruction][INFO] - GPU : cuda:3 | Steps : 1081/5005 | Iteration : 16096 | Batch Size : 333
[2026-08-28 06:40:58,060][watchmal.engine.graph.reconstruction][INFO] - Batch metrics loss: 0.69642, accuracy: 0.66366
[2026-08-28 06:41:09,039][watchmal.engine.graph.reconstruction][INFO] - GPU : cuda:3 | Steps : 1101/5005 | Iteration : 16116 | Batch Size : 333
[2026-08-28 06:41:09,039][watchmal.engine.graph.reconstruction][INFO] - Batch metrics loss: 0.64438, accuracy: 0.72072
[2026-08-28 06:41:20,276][watchmal.engine.graph.reconstruction][INFO] - GPU : cuda:3 | Steps : 1121/5005 | Iteration : 16136 | Batch Size : 333
[2026-08-28 06:41:20,276][watchmal.engine.graph.reconstruction][INFO] - Batch metrics loss: 0.65837, accuracy: 0.68468
[2026-08-28 06:41:31,354][watchmal.engine.graph.reconstruction][INFO] - GPU : cuda:3 | Steps : 1141/5005 | Iteration : 16156 | Batch Size : 333
[2026-08-28 06:41:31,355][watchmal.engine.graph.reconstruction][INFO] - Batch metrics loss: 0.64284, accuracy: 0.67267
[2026-08-28 06:41:42,377][watchmal.engine.graph.reconstruction][INFO] - GPU : cuda:3 | Steps : 1161/5005 | Iteration : 16176 | Batch Size : 333
[2026-08-28 06:41:42,377][watchmal.engine.graph.reconstruction][INFO] - Batch metrics loss: 0.66734, accuracy: 0.68168
[2026-08-28 06:41:53,419][watchmal.engine.graph.reconstruction][INFO] - GPU : cuda:3 | Steps : 1181/5005 | Iteration : 16196 | Batch Size : 333
[2026-08-28 06:41:53,420][watchmal.engine.graph.reconstruction][INFO] - Batch metrics loss: 0.64342, accuracy: 0.65766
[2026-08-28 06:42:04,435][watchmal.engine.graph.reconstruction][INFO] - GPU : cuda:3 | Steps : 1201/5005 | Iteration : 16216 | Batch Size : 333
[2026-08-28 06:42:04,436][watchmal.engine.graph.reconstruction][INFO] - Batch metrics loss: 0.69818, accuracy: 0.65465
[2026-08-28 06:42:15,448][watchmal.engine.graph.reconstruction][INFO] - GPU : cuda:3 | Steps : 1221/5005 | Iteration : 16236 | Batch Size : 333
[2026-08-28 06:42:15,448][watchmal.engine.graph.reconstruction][INFO] - Batch metrics loss: 0.64883, accuracy: 0.67868
[2026-08-28 06:42:26,464][watchmal.engine.graph.reconstruction][INFO] - GPU : cuda:3 | Steps : 1241/5005 | Iteration : 16256 | Batch Size : 333
[2026-08-28 06:42:26,464][watchmal.engine.graph.reconstruction][INFO] - Batch metrics loss: 0.65022, accuracy: 0.67267
[2026-08-28 06:42:37,415][watchmal.engine.graph.reconstruction][INFO] - GPU : cuda:3 | Steps : 1261/5005 | Iteration : 16276 | Batch Size : 333
[2026-08-28 06:42:37,415][watchmal.engine.graph.reconstruction][INFO] - Batch metrics loss: 0.64307, accuracy: 0.65465
[2026-08-28 06:42:48,915][watchmal.engine.graph.reconstruction][INFO] - GPU : cuda:3 | Steps : 1281/5005 | Iteration : 16296 | Batch Size : 333
[2026-08-28 06:42:48,916][watchmal.engine.graph.reconstruction][INFO] - Batch metrics loss: 0.6114, accuracy: 0.70871
[2026-08-28 06:42:59,802][watchmal.engine.graph.reconstruction][INFO] - GPU : cuda:3 | Steps : 1301/5005 | Iteration : 16316 | Batch Size : 333
[2026-08-28 06:42:59,803][watchmal.engine.graph.reconstruction][INFO] - Batch metrics loss: 0.6328, accuracy: 0.67868
[2026-08-28 06:43:10,869][watchmal.engine.graph.reconstruction][INFO] - GPU : cuda:3 | Steps : 1321/5005 | Iteration : 16336 | Batch Size : 333
[2026-08-28 06:43:10,870][watchmal.engine.graph.reconstruction][INFO] - Batch metrics loss: 0.65787, accuracy: 0.64565
[2026-08-28 06:43:21,842][watchmal.engine.graph.reconstruction][INFO] - GPU : cuda:3 | Steps : 1341/5005 | Iteration : 16356 | Batch Size : 333
[2026-08-28 06:43:21,843][watchmal.engine.graph.reconstruction][INFO] - Batch metrics loss: 0.61951, accuracy: 0.66667
[2026-08-28 06:43:33,218][watchmal.engine.graph.reconstruction][INFO] - GPU : cuda:3 | Steps : 1361/5005 | Iteration : 16376 | Batch Size : 333
[2026-08-28 06:43:33,218][watchmal.engine.graph.reconstruction][INFO] - Batch metrics loss: 0.63332, accuracy: 0.66667
[2026-08-28 06:43:44,279][watchmal.engine.graph.reconstruction][INFO] - GPU : cuda:3 | Steps : 1381/5005 | Iteration : 16396 | Batch Size : 333
[2026-08-28 06:43:44,280][watchmal.engine.graph.reconstruction][INFO] - Batch metrics loss: 0.6409, accuracy: 0.67568
[2026-08-28 06:43:55,285][watchmal.engine.graph.reconstruction][INFO] - GPU : cuda:3 | Steps : 1401/5005 | Iteration : 16416 | Batch Size : 333
[2026-08-28 06:43:55,286][watchmal.engine.graph.reconstruction][INFO] - Batch metrics loss: 0.63757, accuracy: 0.66066
[2026-08-28 06:44:06,329][watchmal.engine.graph.reconstruction][INFO] - GPU : cuda:3 | Steps : 1421/5005 | Iteration : 16436 | Batch Size : 333
[2026-08-28 06:44:06,329][watchmal.engine.graph.reconstruction][INFO] - Batch metrics loss: 0.63031, accuracy: 0.67267
[2026-08-28 06:44:17,361][watchmal.engine.graph.reconstruction][INFO] - GPU : cuda:3 | Steps : 1441/5005 | Iteration : 16456 | Batch Size : 333
[2026-08-28 06:44:17,362][watchmal.engine.graph.reconstruction][INFO] - Batch metrics loss: 0.66171, accuracy: 0.63063
[2026-08-28 06:44:28,383][watchmal.engine.graph.reconstruction][INFO] - GPU : cuda:3 | Steps : 1461/5005 | Iteration : 16476 | Batch Size : 333
[2026-08-28 06:44:28,383][watchmal.engine.graph.reconstruction][INFO] - Batch metrics loss: 0.60863, accuracy: 0.69069
[2026-08-28 06:44:39,301][watchmal.engine.graph.reconstruction][INFO] - GPU : cuda:3 | Steps : 1481/5005 | Iteration : 16496 | Batch Size : 333
[2026-08-28 06:44:39,302][watchmal.engine.graph.reconstruction][INFO] - Batch metrics loss: 0.68078, accuracy: 0.66366
[2026-08-28 06:44:50,330][watchmal.engine.graph.reconstruction][INFO] - GPU : cuda:3 | Steps : 1501/5005 | Iteration : 16516 | Batch Size : 333
[2026-08-28 06:44:50,330][watchmal.engine.graph.reconstruction][INFO] - Batch metrics loss: 0.65226, accuracy: 0.63363
[2026-08-28 06:45:01,499][watchmal.engine.graph.reconstruction][INFO] - GPU : cuda:3 | Steps : 1521/5005 | Iteration : 16536 | Batch Size : 333
[2026-08-28 06:45:01,500][watchmal.engine.graph.reconstruction][INFO] - Batch metrics loss: 0.63568, accuracy: 0.66366
[2026-08-28 06:45:12,535][watchmal.engine.graph.reconstruction][INFO] - GPU : cuda:3 | Steps : 1541/5005 | Iteration : 16556 | Batch Size : 333
[2026-08-28 06:45:12,535][watchmal.engine.graph.reconstruction][INFO] - Batch metrics loss: 0.61626, accuracy: 0.68468
[2026-08-28 06:45:23,546][watchmal.engine.graph.reconstruction][INFO] - GPU : cuda:3 | Steps : 1561/5005 | Iteration : 16576 | Batch Size : 333
[2026-08-28 06:45:23,547][watchmal.engine.graph.reconstruction][INFO] - Batch metrics loss: 0.67801, accuracy: 0.69069
[2026-08-28 06:45:34,530][watchmal.engine.graph.reconstruction][INFO] - GPU : cuda:3 | Steps : 1581/5005 | Iteration : 16596 | Batch Size : 333
[2026-08-28 06:45:34,530][watchmal.engine.graph.reconstruction][INFO] - Batch metrics loss: 0.63, accuracy: 0.66667
[2026-08-28 06:45:45,464][watchmal.engine.graph.reconstruction][INFO] - GPU : cuda:3 | Steps : 1601/5005 | Iteration : 16616 | Batch Size : 333
[2026-08-28 06:45:45,465][watchmal.engine.graph.reconstruction][INFO] - Batch metrics loss: 0.61101, accuracy: 0.65165
[2026-08-28 06:45:56,399][watchmal.engine.graph.reconstruction][INFO] - GPU : cuda:3 | Steps : 1621/5005 | Iteration : 16636 | Batch Size : 333
[2026-08-28 06:45:56,399][watchmal.engine.graph.reconstruction][INFO] - Batch metrics loss: 0.67793, accuracy: 0.66366
[2026-08-28 06:46:07,325][watchmal.engine.graph.reconstruction][INFO] - GPU : cuda:3 | Steps : 1641/5005 | Iteration : 16656 | Batch Size : 333
[2026-08-28 06:46:07,325][watchmal.engine.graph.reconstruction][INFO] - Batch metrics loss: 0.64102, accuracy: 0.66667
[2026-08-28 06:46:18,228][watchmal.engine.graph.reconstruction][INFO] - GPU : cuda:3 | Steps : 1661/5005 | Iteration : 16676 | Batch Size : 333
[2026-08-28 06:46:18,228][watchmal.engine.graph.reconstruction][INFO] - Batch metrics loss: 0.61034, accuracy: 0.68168
[2026-08-28 06:46:29,252][watchmal.engine.graph.reconstruction][INFO] - GPU : cuda:3 | Steps : 1681/5005 | Iteration : 16696 | Batch Size : 333
[2026-08-28 06:46:29,253][watchmal.engine.graph.reconstruction][INFO] - Batch metrics loss: 0.60998, accuracy: 0.70571
[2026-08-28 06:46:40,281][watchmal.engine.graph.reconstruction][INFO] - GPU : cuda:3 | Steps : 1701/5005 | Iteration : 16716 | Batch Size : 333
[2026-08-28 06:46:40,281][watchmal.engine.graph.reconstruction][INFO] - Batch metrics loss: 0.6013, accuracy: 0.6967
[2026-08-28 06:46:51,216][watchmal.engine.graph.reconstruction][INFO] - GPU : cuda:3 | Steps : 1721/5005 | Iteration : 16736 | Batch Size : 333
[2026-08-28 06:46:51,217][watchmal.engine.graph.reconstruction][INFO] - Batch metrics loss: 0.66981, accuracy: 0.63964
[2026-08-28 06:47:02,332][watchmal.engine.graph.reconstruction][INFO] - GPU : cuda:3 | Steps : 1741/5005 | Iteration : 16756 | Batch Size : 333
[2026-08-28 06:47:02,332][watchmal.engine.graph.reconstruction][INFO] - Batch metrics loss: 0.71005, accuracy: 0.62763
[2026-08-28 06:47:13,187][watchmal.engine.graph.reconstruction][INFO] - GPU : cuda:3 | Steps : 1761/5005 | Iteration : 16776 | Batch Size : 333
[2026-08-28 06:47:13,188][watchmal.engine.graph.reconstruction][INFO] - Batch metrics loss: 0.65474, accuracy: 0.67868
[2026-08-28 06:47:24,051][watchmal.engine.graph.reconstruction][INFO] - GPU : cuda:3 | Steps : 1781/5005 | Iteration : 16796 | Batch Size : 333
[2026-08-28 06:47:24,051][watchmal.engine.graph.reconstruction][INFO] - Batch metrics loss: 0.60879, accuracy: 0.68769
[2026-08-28 06:47:34,939][watchmal.engine.graph.reconstruction][INFO] - GPU : cuda:3 | Steps : 1801/5005 | Iteration : 16816 | Batch Size : 333
[2026-08-28 06:47:34,940][watchmal.engine.graph.reconstruction][INFO] - Batch metrics loss: 0.64991, accuracy: 0.65766
[2026-08-28 06:47:45,866][watchmal.engine.graph.reconstruction][INFO] - GPU : cuda:3 | Steps : 1821/5005 | Iteration : 16836 | Batch Size : 333
[2026-08-28 06:47:45,866][watchmal.engine.graph.reconstruction][INFO] - Batch metrics loss: 0.57305, accuracy: 0.69069
[2026-08-28 06:47:56,844][watchmal.engine.graph.reconstruction][INFO] - GPU : cuda:3 | Steps : 1841/5005 | Iteration : 16856 | Batch Size : 333
[2026-08-28 06:47:56,844][watchmal.engine.graph.reconstruction][INFO] - Batch metrics loss: 0.6715, accuracy: 0.66366
/hepstore/nfost94/miniconda/envs/pt210/lib/python3.12/multiprocessing/resource_tracker.py:279: UserWarning: resource_tracker: There appear to be 99 leaked semaphore objects to clean up at shutdown
  warnings.warn('resource_tracker: There appear to be %d '
